163402,48000
155798,47999.8
156140,47999.4
134278,47998.6
160604,47997.4
242935,47996
242935,47994.2
254611,47992.2
150743,47989.8
179218,47987
175029,47984
173046,47980.6
191446,47977
190441,47973
198056,47968.7
198056,47964
184674,47959.1
200721,47953.8
204709,47948.2
197883,47942.3
197883,47936.1
184584,47929.5
175621,47922.7
159896,47915.5
154581,47908
154581,47900.2
204204,47892.1
222222,47883.6
202923,47874.9
202923,47865.8
265355,47856.4
295373,47846.7
295373,47836.7
306803,47826.4
323938,47815.7
316151,47804.8
314778,47793.5
369762,47782
363872,47770.1
363872,47757.9
363872,47745.4
363872,47732.5
333658,47719.4
326032,47706
330109,47692.2
329596,47678.2
345430,47663.8
348877,47649.1
338230,47634.2
379516,47618.9
379516,47603.3
369743,47587.4
334886,47571.2
336530,47554.7
338874,47537.9
366484,47520.8
374548,47503.4
391342,47485.7
386427,47467.7
402656,47449.4
341032,47430.8
354965,47411.9
309695,47392.7
299498,47373.3
312413,47353.5
282644,47333.4
278225,47313
278901,47292.3
235610,47271.4
235257,47250.1
240173,47228.6
267568,47206.8
298348,47184.6
297511,47162.2
286246,47139.5
297511,47116.6
283066,47093.3
264934,47069.7
292835,47045.9
292835,47021.8
296230,46997.4
295919,46972.7
282049,46947.7
337494,46922.5
337494,46897
337494,46871.2
372339,46845.1
376724,46818.8
387688,46792.1
392041,46765.2
332517,46738.1
411435,46710.6
411435,46682.9
409048,46654.9
402012,46626.7
422559,46598.2
422559,46569.4
422069,46540.3
439724,46511
425388,46481.5
425388,46451.6
420287,46421.5
420287,46391.2
420287,46360.5
420287,46329.7
429566,46298.5
429566,46267.1
429566,46235.5
432431,46203.6
432369,46171.5
432369,46139.1
424360,46106.4
424360,46073.5
424360,46040.4
439308,46007
439308,45973.3
440853,45939.5
428637,45905.3
428637,45871
428637,45836.4
428637,45801.5
428637,45766.4
428637,45731.1
428637,45695.6
428637,45659.8
428637,45623.8
428637,45587.5
428637,45551
421270,45514.3
400478,45477.4
400478,45440.2
400478,45402.8
432874,45365.2
432874,45327.3
406081,45289.3
406081,45251
412511,45212.5
412511,45173.8
412511,45134.8
408274,45095.7
408274,45056.3
408274,45016.7
408274,44976.9
408274,44936.9
408274,44896.7
318563,44856.3
322066,44815.7
322066,44774.9
317920,44733.8
308553,44692.6
308553,44651.2
270908,44609.5
291427,44567.7
282180,44525.7
282180,44483.4
315333,44441
329033,44398.4
322894,44355.6
368751,44312.6
368751,44269.4
372700,44226
406888,44182.5
417822,44138.7
417822,44094.8
417822,44050.7
417822,44006.4
645703,43961.9
645703,43917.3
646406,43872.5
645255,43827.5
629827,43782.3
630889,43737
638486,43691.4
638486,43645.8
638486,43599.9
641122,43553.9
645215,43507.7
645215,43461.3
645215,43414.8
645215,43368.1
647733,43321.3
631980,43274.3
631513,43227.1
634970,43179.8
634970,43132.4
431636,43084.7
439601,43037
439601,42989.1
571296,42941
571296,42892.8
571296,42844.4
566478,42795.9
566478,42747.2
564010,42698.4
564010,42649.5
571526,42600.4
571526,42551.2
571526,42501.8
571526,42452.3
589781,42402.7
580404,42352.9
585852,42303
585852,42253
585852,42202.9
585852,42152.6
585852,42102.2
573065,42051.7
573065,42001
572006,41950.2
572006,41899.3
572006,41848.3
572006,41797.2
572006,41745.9
572006,41694.5
572006,41643
553862,41591.5
553862,41539.7
553862,41487.9
556454,41436
577576,41383.9
577576,41331.8
577576,41279.6
577576,41227.2
573317,41174.7
574871,41122.2
574871,41069.5
574871,41016.8
574871,40963.9
574871,40911
596611,40857.9
596611,40804.8
596611,40751.5
596611,40698.2
596611,40644.8
603802,40591.3
603802,40537.7
603802,40484
603802,40430.2
603802,40376.4
603802,40322.5
603802,40268.5
603802,40214.4
601373,40160.2
665161,40105.9
616272,40051.6
616272,39997.2
616272,39942.7
662480,39888.2
708423,39833.6
698598,39778.9
698598,39724.1
698598,39669.3
698598,39614.4
698598,39559.5
698598,39504.4
698598,39449.4
698598,39394.2
698598,39339
698598,39283.7
698598,39228.4
698598,39173
698598,39117.6
698598,39062.1
698645,39006.5
698645,38950.9
566044,38895.3
613198,38839.6
611364,38783.8
611364,38728
611364,38672.1
729314,38616.3
729314,38560.3
729314,38504.3
684985,38448.3
688015,38392.2
686807,38336.1
693989,38280
674404,38223.8
665376,38167.5
665376,38111.3
663832,38055
663832,37998.6
663832,37942.3
690911,37885.9
690911,37829.4
690911,37773
690911,37716.5
690911,37660
690911,37603.4
690911,37546.8
690911,37490.2
690911,37433.6
704015,37377
704015,37320.3
720301,37263.6
708367,37206.9
712780,37150.2
715947,37093.4
657286,37036.7
661685,36979.9
661685,36923.1
661685,36866.3
661685,36809.4
661685,36752.6
662297,36695.8
662297,36638.9
662297,36582
669493,36525.1
669493,36468.3
723291,36411.4
723291,36354.5
723291,36297.5
759842,36240.6
794158,36183.7
794158,36126.8
794158,36069.9
755173,36013
750513,35956
750513,35899.1
750513,35842.2
724399,35785.3
722161,35728.4
704757,35671.5
706615,35614.6
706615,35557.7
706615,35500.8
706615,35443.9
695666,35387
677482,35330.1
689922,35273.3
689922,35216.4
689922,35159.6
689922,35102.8
689922,35046
689922,34989.2
689922,34932.4
689922,34875.6
695291,34818.9
712748,34762.1
712748,34705.4
712748,34648.7
730235,34592
730235,34535.4
715208,34478.7
715208,34422.1
685536,34365.5
685536,34308.9
685536,34252.4
685536,34195.8
683934,34139.3
694476,34082.8
694476,34026.4
702535,33970
692486,33913.6
692486,33857.2
718648,33800.8
718648,33744.5
708343,33688.2
702994,33632
702994,33575.7
701964,33519.6
701964,33463.4
701964,33407.3
695507,33351.2
695507,33295.1
692418,33239.1
692418,33183.1
710344,33127.1
715154,33071.2
715154,33015.3
729490,32959.5
729490,32903.7
737743,32847.9
726733,32792.2
726733,32736.5
726733,32680.9
726733,32625.2
718944,32569.7
718944,32514.2
705032,32458.7
705032,32403.2
705032,32347.8
705032,32292.5
705032,32237.2
707090,32181.9
707090,32126.7
710439,32071.6
710439,32016.4
710439,31961.4
672710,31906.3
676633,31851.4
684890,31796.4
684890,31741.6
684890,31686.7
681432,31631.9
651948,31577.2
651948,31522.5
651948,31467.9
652424,31413.3
652424,31358.8
651511,31304.3
656777,31249.9
656777,31195.6
656777,31141.3
656777,31087
656777,31032.8
656777,30978.7
651179,30924.6
665057,30870.5
650429,30816.6
650429,30762.7
650429,30708.8
649681,30655
649681,30601.3
649681,30547.6
649681,30493.9
649681,30440.4
649681,30386.9
649681,30333.4
649681,30280
654413,30226.7
652988,30173.4
652988,30120.2
652988,30067.1
721866,30014
727994,29961
727994,29908
746714,29855.1
751069,29802.3
751069,29749.5
751069,29696.8
765436,29644.2
843546,29591.6
843546,29539.1
843546,29486.7
843546,29434.3
802073,29382
801493,29329.8
801493,29277.6
801493,29225.5
801493,29173.4
796708,29121.4
804064,29069.5
800932,29017.7
800932,28965.9
800932,28914.2
800932,28862.6
770476,28811
770476,28759.5
770476,28708.1
771178,28656.7
771178,28605.4
773611,28554.2
773611,28503.1
773611,28452
791636,28401
791636,28350
802790,28299.2
817499,28248.4
817499,28197.6
817499,28147
817499,28096.4
817499,28045.9
835439,27995.5
839558,27945.1
839558,27894.8
810482,27844.6
809069,27794.5
809069,27744.4
809069,27694.4
809069,27644.5
809069,27594.6
818497,27544.8
818497,27495.1
818497,27445.5
818497,27396
818497,27346.5
826116,27297.1
794019,27247.8
796580,27198.5
796580,27149.3
796580,27100.2
796580,27051.2
799154,27002.2
799154,26953.4
794937,26904.6
794937,26855.9
785323,26807.2
780526,26758.6
791313,26710.1
827995,26661.7
827995,26613.4
820926,26565.1
818017,26516.9
818017,26468.8
818017,26420.8
820035,26372.9
872479,26325
862183,26277.2
862183,26229.5
862183,26181.8
862183,26134.3
862183,26086.8
862183,26039.4
862183,25992
864357,25944.8
864357,25897.6
864357,25850.5
864357,25803.5
864357,25756.6
864357,25709.7
864357,25662.9
864357,25616.2
864357,25569.6
864357,25523
864357,25476.6
864357,25430.2
864357,25383.9
864357,25337.7
784839,25291.5
784839,25245.4
784277,25199.5
782686,25153.5
782686,25107.7
782686,25062
782686,25016.3
782686,24970.7
743338,24925.2
752512,24879.7
754553,24834.4
751500,24789.1
751500,24743.9
754217,24698.8
754217,24653.8
754217,24608.8
754217,24563.9
754217,24519.2
752063,24474.4
750136,24429.8
750136,24385.2
750136,24340.8
750136,24296.4
753111,24252.1
752099,24207.8
730747,24163.7
730747,24119.6
729544,24075.6
729544,24031.7
727859,23987.8
727859,23944.1
727859,23900.4
727859,23856.8
727859,23813.3
729446,23769.9
768392,23726.5
768392,23683.2
770873,23640
770873,23596.9
770873,23553.9
770873,23510.9
770873,23468.1
739083,23425.3
739083,23382.5
767789,23339.9
767789,23297.4
767789,23254.9
767789,23212.5
767789,23170.2
767789,23127.9
767789,23085.8
770363,23043.7
755699,23001.7
755699,22959.8
755699,22917.9
755699,22876.2
755699,22834.5
755699,22792.9
755699,22751.4
755699,22709.9
755699,22668.6
776666,22627.3
776666,22586.1
776666,22544.9
802312,22503.9
802312,22462.9
778584,22422
778584,22381.2
778584,22340.5
778584,22299.9
778584,22259.3
778584,22218.8
761437,22178.4
752779,22138
752779,22097.8
752779,22057.6
727133,22017.5
727133,21977.5
729566,21937.5
729566,21897.7
718287,21857.9
717679,21818.2
717679,21778.6
727330,21739
727330,21699.5
727330,21660.1
727330,21620.8
733929,21581.6
733929,21542.4
733929,21503.3
733929,21464.3
722447,21425.4
691076,21386.5
691076,21347.8
691076,21309.1
691076,21270.4
703563,21231.9
703563,21193.4
703563,21155
704217,21116.7
704217,21078.5
704217,21040.3
704217,21002.2
716294,20964.2
716294,20926.3
716294,20888.5
688621,20850.7
688621,20813
688621,20775.4
694941,20737.8
685218,20700.3
755039,20662.9
765766,20625.6
765766,20588.4
765766,20551.2
765766,20514.1
766740,20477.1
763165,20440.1
763165,20403.3
766304,20366.5
766304,20329.8
766304,20293.1
766304,20256.6
766304,20220.1
766304,20183.6
766304,20147.3
766304,20111
796199,20074.8
796199,20038.7
796199,20002.7
796199,19966.7
801036,19930.8
816807,19895
816807,19859.2
822114,19823.5
822114,19787.9
822114,19752.4
822114,19717
822114,19681.6
822114,19646.3
822114,19611
822114,19575.9
822114,19540.8
822114,19505.7
802026,19470.8
802026,19435.9
802026,19401.1
802026,19366.4
769313,19331.7
769313,19297.2
764022,19262.6
764022,19228.2
755391,19193.8
746757,19159.5
746757,19125.3
746757,19091.2
746757,19057.1
746757,19023.1
741865,18989.1
741865,18955.2
741865,18921.5
741865,18887.7
741865,18854.1
741865,18820.5
741865,18787
741865,18753.5
741865,18720.1
739282,18686.8
739282,18653.6
739282,18620.4
739282,18587.3
741096,18554.3
741096,18521.4
741096,18488.5
741096,18455.6
741096,18422.9
741096,18390.2
741096,18357.6
741096,18325.1
741096,18292.6
741096,18260.2
741096,18227.8
741096,18195.6
741096,18163.4
741096,18131.2
741096,18099.2
741096,18067.2
741096,18035.3
743390,18003.4
743390,17971.6
743390,17939.9
743390,17908.2
743390,17876.6
743390,17845.1
743390,17813.6
743390,17782.3
743390,17750.9
746702,17719.7
758992,17688.5
758992,17657.4
758992,17626.3
758992,17595.3
758992,17564.4
758992,17533.5
758992,17502.7
798847,17472
798847,17441.3
798847,17410.7
798847,17380.2
798847,17349.7
798847,17319.3
798847,17289
782607,17258.7
791705,17228.5
791705,17198.4
791705,17168.3
791705,17138.3
791705,17108.3
791705,17078.4
791705,17048.6
791705,17018.8
791705,16989.1
791705,16959.5
792580,16929.9
792580,16900.4
792580,16871
792007,16841.6
792007,16812.3
797314,16783
797314,16753.8
797314,16724.7
797314,16695.7
797314,16666.6
798723,16637.7
798723,16608.8
793069,16580
793069,16551.2
788274,16522.6
788274,16493.9
783706,16465.3
781018,16436.8
780261,16408.4
786703,16380
786703,16351.7
781993,16323.4
781993,16295.2
782219,16267.1
782219,16239
782219,16210.9
782219,16183
781526,16155.1
765427,16127.2
765427,16099.4
783697,16071.7
785965,16044
785965,16016.4
785965,15988.9
785965,15961.4
785965,15934
785965,15906.6
785965,15879.3
785965,15852
785965,15824.9
781285,15797.7
781285,15770.6
781285,15743.6
781285,15716.7
781285,15689.8
781285,15662.9
781285,15636.1
781285,15609.4
781285,15582.7
781285,15556.1
784837,15529.6
784837,15503.1
784837,15476.6
788955,15450.2
811995,15423.9
811995,15397.6
811995,15371.4
806725,15345.3
806725,15319.1
804760,15293.1
804760,15267.1
795662,15241.2
807951,15215.3
792669,15189.5
834812,15163.7
834812,15138
834812,15112.3
834812,15086.7
834812,15061.2
834812,15035.7
834812,15010.3
842581,14984.9
842581,14959.5
821970,14934.3
835798,14909.1
835798,14883.9
829156,14858.8
829156,14833.7
829156,14808.7
829156,14783.8
822305,14758.9
822305,14734
822305,14709.2
822305,14684.5
822305,14659.8
822305,14635.2
822305,14610.6
823401,14586.1
823401,14561.6
823401,14537.2
823401,14512.9
823401,14488.5
823401,14464.3
823401,14440.1
790421,14415.9
790421,14391.8
790421,14367.8
814723,14343.8
814723,14319.8
814723,14295.9
836204,14272.1
836204,14248.3
836204,14224.5
836204,14200.8
836204,14177.2
836204,14153.6
836204,14130.1
872849,14106.6
872849,14083.1
871354,14059.7
882176,14036.4
882176,14013.1
882176,13989.9
894443,13966.7
894443,13943.5
894443,13920.5
894443,13897.4
894443,13874.4
894443,13851.5
948951,13828.6
977150,13805.7
977150,13783
977150,13760.2
981268,13737.5
981268,13714.9
981268,13692.3
981268,13669.7
981268,13647.2
981268,13624.8
981268,13602.3
981268,13580
985807,13557.7
985807,13535.4
985807,13513.2
1020642,13491
1020642,13468.9
1020642,13446.8
1007445,13424.8
1007445,13402.8
1007445,13380.9
1012827,13359
1012827,13337.2
1012827,13315.4
1012827,13293.6
1012827,13271.9
1022234,13250.3
1022234,13228.7
1022234,13207.1
1022234,13185.6
1022234,13164.1
1022234,13142.7
1022234,13121.3
1022234,13100
1022234,13078.7
1022234,13057.5
1019145,13036.3
1019145,13015.1
1019145,12994
1019145,12973
1019145,12952
1019145,12931
1019145,12910.1
1019145,12889.2
1041282,12868.3
1041282,12847.6
1041282,12826.8
1041282,12806.1
1041282,12785.4
1041282,12764.8
1041282,12744.3
1041282,12723.7
1041282,12703.2
1041282,12682.8
1041282,12662.4
1041282,12642
1041282,12621.7
1041282,12601.5
1041282,12581.2
1041282,12561.1
1041282,12540.9
1041282,12520.8
1041282,12500.8
1033045,12480.8
1033045,12460.8
1033045,12440.9
1033045,12421
1033045,12401.1
1033045,12381.3
1033045,12361.6
1033045,12341.9
1033045,12322.2
1039580,12302.6
1039580,12283
1039580,12263.4
1039580,12243.9
1039580,12224.4
1039580,12205
1039580,12185.6
1039580,12166.3
1039580,12147
1039580,12127.7
1030173,12108.5
1030173,12089.3
1030173,12070.2
1030173,12051.1
1030173,12032
1030173,12013
1030173,11994
1030173,11975.1
1030173,11956.2
1030173,11937.3
1030173,11918.5
1030173,11899.7
1030173,11880.9
1045053,11862.2
1045053,11843.6
1045053,11825
1045053,11806.4
1045053,11787.8
1045053,11769.3
1045053,11750.8
1049967,11732.4
1049031,11714
1049031,11695.7
1029843,11677.4
1029843,11659.1
1029843,11640.8
1029843,11622.6
1029843,11604.5
1029843,11586.4
1029843,11568.3
1029843,11550.2
1029843,11532.2
1029843,11514.2
1029843,11496.3
1029843,11478.4
1029843,11460.6
1029900,11442.7
1029900,11424.9
1027326,11407.2
1027326,11389.5
1027326,11371.8
1027326,11354.2
1027326,11336.6
1027326,11319
1027326,11301.5
1027326,11284
1027326,11266.5
1027326,11249.1
1027326,11231.7
1027326,11214.4
1027326,11197.1
1027326,11179.8
1027326,11162.6
1027326,11145.4
1027326,11128.2
1032334,11111.1
1032334,11094
1032334,11076.9
1032334,11059.9
1032334,11042.9
1032334,11026
1032334,11009
1032334,10992.2
1032334,10975.3
1032334,10958.5
1032334,10941.7
1032334,10925
1032334,10908.3
1032334,10891.6
1032334,10875
1032334,10858.3
1032334,10841.8
1032334,10825.2
1032334,10808.7
1032334,10792.3
1031070,10775.8
1031070,10759.4
1031070,10743.1
1031070,10726.7
1031070,10710.4
1031070,10694.2
1031070,10677.9
1031070,10661.7
1044548,10645.6
1044548,10629.4
1041365,10613.3
1059898,10597.3
1059898,10581.2
1059898,10565.2
1059898,10549.3
1048152,10533.3
1048152,10517.4
1048152,10501.6
1048152,10485.7
1048152,10469.9
1048152,10454.1
1048152,10438.4
1048152,10422.7
1048152,10407
1048152,10391.4
1048152,10375.8
1048152,10360.2
1048152,10344.6
1048152,10329.1
1037013,10313.6
1037013,10298.2
1037013,10282.8
1037013,10267.4
1037013,10252
1022256,10236.7
1022256,10221.4
1033524,10206.1
1033524,10190.9
1033524,10175.7
1033524,10160.5
1033352,10145.4
1033352,10130.3
1033352,10115.2
1033352,10100.2
1033352,10085.1
1033352,10070.1
1033352,10055.2
1033352,10040.3
1033352,10025.4
1033352,10010.5
1033352,9995.67
1032151,9980.86
1032151,9966.09
1032151,9951.34
1032151,9936.63
1032151,9921.94
1032151,9907.28
1032151,9892.66
1032151,9878.06
1032151,9863.49
1032151,9848.96
1032151,9834.45
1032151,9819.97
1032151,9805.52
1032151,9791.1
1032151,9776.7
1032151,9762.34
1032151,9748.01
1032151,9733.7
1068983,9719.43
1068983,9705.18
1068983,9690.96
1068983,9676.77
1068983,9662.61
1068983,9648.47
1068983,9634.37
1068983,9620.29
1068983,9606.24
1094676,9592.22
1091886,9578.23
1091886,9564.27
1091886,9550.33
1091886,9536.42
1091886,9522.54
1091886,9508.69
1091886,9494.87
1091886,9481.07
1091886,9467.3
1091886,9453.56
1091886,9439.84
1091886,9426.16
1091886,9412.5
1091886,9398.86
1091886,9385.26
1104548,9371.68
1104548,9358.13
1104548,9344.61
1104548,9331.11
1104548,9317.64
1104548,9304.19
1095454,9290.78
1095454,9277.39
1095454,9264.02
1095454,9250.69
1095454,9237.38
1095454,9224.09
1095454,9210.84
1095454,9197.6
1095454,9184.4
1095454,9171.22
1095454,9158.07
1095454,9144.94
1095454,9131.84
1095454,9118.77
1092136,9105.72
1092136,9092.69
1092136,9079.7
1092136,9066.73
1092136,9053.78
1092136,9040.86
1120411,9027.96
1120411,9015.09
1120411,9002.25
1120411,8989.43
1120411,8976.64
1120411,8963.87
1120411,8951.13
1120411,8938.41
1120411,8925.72
1120411,8913.05
1120411,8900.4
1120411,8887.79
1120411,8875.19
1120411,8862.62
1120411,8850.08
1120411,8837.56
1120411,8825.07
1120411,8812.59
1120411,8800.15
1120411,8787.73
1120411,8775.33
1120411,8762.96
1120411,8750.61
1120411,8738.28
1120411,8725.98
1120411,8713.71
1120411,8701.45
1120411,8689.22
1120411,8677.02
1120411,8664.84
1120411,8652.68
1120411,8640.55
1120411,8628.44
1120411,8616.35
1120411,8604.29
1120411,8592.25
1120411,8580.23
1120411,8568.24
1120411,8556.27
1148351,8544.33
1148351,8532.4
1148351,8520.5
1148351,8508.63
1148351,8496.77
1148351,8484.94
1148351,8473.14
1148351,8461.35
1148351,8449.59
1148351,8437.85
1148351,8426.13
1148351,8414.44
1148351,8402.77
1148351,8391.12
1148351,8379.49
1148351,8367.89
1148351,8356.31
1148351,8344.75
1148351,8333.21
1148351,8321.7
1148351,8310.21
1148351,8298.74
1148351,8287.29
1148351,8275.86
1148351,8264.46
1148351,8253.08
1148351,8241.72
1148351,8230.38
1148351,8219.06
1148351,8207.77
1148351,8196.49
1148351,8185.24
1148351,8174.01
1148351,8162.8
1148351,8151.62
1148351,8140.45
1148351,8129.31
1148351,8118.18
1148351,8107.08
1148351,8096
1148351,8084.94
1148351,8073.9
1148351,8062.89
1148351,8051.89
1148351,8040.91
1148351,8029.96
1148351,8019.03
1148351,8008.11
1148351,7997.22
1148351,7986.35
1148351,7975.5
1148351,7964.67
1148351,7953.86
1148351,7943.07
1148351,7932.31
1148351,7921.56
1148351,7910.83
1148351,7900.12
1148351,7889.44
1148351,7878.77
1148351,7868.13
1148351,7857.5
1148351,7846.89
1148351,7836.31
1148351,7825.74
1148351,7815.2
1148351,7804.67
1148351,7794.16
1148351,7783.68
1148351,7773.21
1148351,7762.77
1148351,7752.34
1148351,7741.93
1148351,7731.54
1148351,7721.18
1148351,7710.83
1148351,7700.5
1148351,7690.19
1148351,7679.9
1148351,7669.63
1148351,7659.37
1141112,7649.14
1141112,7638.93
1141112,7628.73
1141112,7618.56
1141112,7608.4
1141112,7598.27
1141112,7588.15
1141112,7578.05
1141112,7567.97
1141112,7557.91
1141112,7547.87
1141112,7537.84
1141112,7527.84
1141112,7517.85
1141112,7507.88
1141112,7497.93
1141112,7488
1141112,7478.09
1141112,7468.2
1141112,7458.32
1141112,7448.47
1141112,7438.63
1141112,7428.81
1141112,7419.01
1141112,7409.22
1141112,7399.46
1141112,7389.71
1141112,7379.98
1141112,7370.27
1141112,7360.57
1141112,7350.9
1141112,7341.24
1141112,7331.6
1141112,7321.98
1141112,7312.38
1141112,7302.79
1141112,7293.22
1141112,7283.67
1141112,7274.14
1141112,7264.62
1141112,7255.12
1141112,7245.64
1141112,7236.18
1141112,7226.74
1141112,7217.31
1141112,7207.9
1141112,7198.5
1141112,7189.13
1141112,7179.77
1141112,7170.43
1141112,7161.1
1141112,7151.79
1141112,7142.5
1141112,7133.23
1141112,7123.97
1141112,7114.73
1141112,7105.51
1141112,7096.31
1141112,7087.12
1145402,7077.94
1145402,7068.79
1145402,7059.65
1145402,7050.53
1145402,7041.42
1145402,7032.34
1145402,7023.26
1145402,7014.21
1145402,7005.17
1145402,6996.15
1145402,6987.14
1145402,6978.15
1145402,6969.18
1145402,6960.22
1145402,6951.28
1145402,6942.36
1145402,6933.45
1145402,6924.56
1145402,6915.68
1145402,6906.82
1145402,6897.98
1145402,6889.15
1145402,6880.34
1145402,6871.54
1144300,6862.76
1144300,6854
1144300,6845.25
1144300,6836.52
1144300,6827.8
1144300,6819.1
1144300,6810.41
1144300,6801.74
1144300,6793.09
1144300,6784.45
1144300,6775.83
1144300,6767.22
1144300,6758.63
1144300,6750.05
1144300,6741.49
1144300,6732.95
1144300,6724.42
1144300,6715.9
1144300,6707.4
1144300,6698.92
1144300,6690.45
1144300,6682
1144300,6673.56
1144300,6665.14
1144300,6656.73
1144300,6648.33
1144300,6639.96
1144300,6631.59
1144300,6623.24
1144300,6614.91
1144300,6606.59
1144300,6598.29
1144300,6590
1144300,6581.73
1144300,6573.47
1144300,6565.22
1144300,6556.99
1144300,6548.78
1144300,6540.58
1144300,6532.39
1144300,6524.22
1144300,6516.06
1144300,6507.92
1144300,6499.79
1144300,6491.68
1147232,6483.58
1147232,6475.49
1147232,6467.42
1154440,6459.37
1154440,6451.32
1154440,6443.3
1154440,6435.28
1154440,6427.28
1154440,6419.3
1154440,6411.33
1154440,6403.37
1154440,6395.43
1154440,6387.5
1154440,6379.58
1154440,6371.68
1154440,6363.79
1154440,6355.92
1154440,6348.06
1154440,6340.22
1154440,6332.38
1154440,6324.57
1154440,6316.76
1154440,6308.97
1154440,6301.19
1154440,6293.43
1154440,6285.68
1154440,6277.95
1154440,6270.22
1154440,6262.51
1154440,6254.82
1154440,6247.14
1154440,6239.47
1154440,6231.81
1154440,6224.17
1154440,6216.54
1154440,6208.93
1154440,6201.33
1154440,6193.74
1154440,6186.16
1154440,6178.6
1154440,6171.05
1154440,6163.52
1145974,6155.99
1145974,6148.48
1145974,6140.99
1137373,6133.5
1137373,6126.03
1137373,6118.58
1137373,6111.13
1137373,6103.7
1137373,6096.28
1137373,6088.87
1137373,6081.48
1137373,6074.1
1137373,6066.73
1137373,6059.38
1137373,6052.04
1137373,6044.71
1137373,6037.39
1137373,6030.09
1137373,6022.8
1160634,6015.52
1160634,6008.25
1160634,6001
1160634,5993.76
1160634,5986.53
1160634,5979.31
1160634,5972.11
1160634,5964.92
1160634,5957.74
1160634,5950.57
1160634,5943.42
1160634,5936.27
1160634,5929.14
1160634,5922.03
1160634,5914.92
1160634,5907.83
1160634,5900.75
1160634,5893.68
1160634,5886.62
1141259,5879.58
1141259,5872.54
1141259,5865.52
1141259,5858.51
1141259,5851.52
1141259,5844.53
1141259,5837.56
1141259,5830.6
1141259,5823.65
1141259,5816.71
1141259,5809.79
1141259,5802.87
1141259,5795.97
1141259,5789.08
1141259,5782.2
1141259,5775.34
1141259,5768.48
1141259,5761.64
1141259,5754.81
1141259,5747.99
1141259,5741.18
1158201,5734.38
1158201,5727.6
1158201,5720.82
1158201,5714.06
1158201,5707.31
1158201,5700.57
1158201,5693.84
1158201,5687.12
1158201,5680.42
1158201,5673.72
1158201,5667.04
1158201,5660.37
1158201,5653.71
1158201,5647.06
1158201,5640.42
1158201,5633.79
1158201,5627.18
1158201,5620.57
1158201,5613.98
1158201,5607.4
1158201,5600.83
1158201,5594.27
1158201,5587.72
1158201,5581.18
1158201,5574.65
1158201,5568.14
1158201,5561.63
1158201,5555.14
1157514,5548.65
1157514,5542.18
1157514,5535.72
1157514,5529.27
1157514,5522.83
1157514,5516.4
1157514,5509.98
1157514,5503.57
1157514,5497.17
1157514,5490.78
1161747,5484.41
1161747,5478.04
1161747,5471.69
1161747,5465.34
1165605,5459.01
1165605,5452.69
1165605,5446.37
1165605,5440.07
1165605,5433.78
1165605,5427.5
1165605,5421.23
1165777,5414.97
1165777,5408.72
1165777,5402.48
1165777,5396.25
1165777,5390.03
1165777,5383.82
1165777,5377.62
1165777,5371.43
1165777,5365.25
1165777,5359.09
1165777,5352.93
1165777,5346.78
1165777,5340.64
1165777,5334.52
1165777,5328.4
1165777,5322.29
1165777,5316.2
1165777,5310.11
1165777,5304.03
1165777,5297.96
1165777,5291.91
1165777,5285.86
1165777,5279.82
1165777,5273.8
1164767,5267.78
1164767,5261.77
1164767,5255.77
1164767,5249.79
1164767,5243.81
1164767,5237.84
1164767,5231.88
1164767,5225.93
1164767,5219.99
1164767,5214.06
1164767,5208.14
1164767,5202.24
1164767,5196.33
1164767,5190.44
1164767,5184.56
1164767,5178.69
1164767,5172.83
1164767,5166.98
1164767,5161.13
1164767,5155.3
1164767,5149.48
1164767,5143.66
1164767,5137.86
1164767,5132.06
1164767,5126.28
1164767,5120.5
1164767,5114.73
1164767,5108.98
1164767,5103.23
1164767,5097.49
1164767,5091.76
1164767,5086.04
1164767,5080.33
1164767,5074.62
1164767,5068.93
1164767,5063.25
1164767,5057.57
1164767,5051.91
1164767,5046.25
1164767,5040.6
1164767,5034.97
1164767,5029.34
1164767,5023.72
1164767,5018.11
1164767,5012.5
1164767,5006.91
1164767,5001.33
1164767,4995.75
1164767,4990.19
1164767,4984.63
1164767,4979.08
1164767,4973.54
1164767,4968.01
1164767,4962.49
1164767,4956.98
1164767,4951.47
1191797,4945.98
1191797,4940.49
1191797,4935.02
1191797,4929.55
1191797,4924.09
1191797,4918.64
1191797,4913.19
1191797,4907.76
1191797,4902.33
1191797,4896.92
1191797,4891.51
1192733,4886.11
1192733,4880.72
1192733,4875.34
1192733,4869.97
1192733,4864.6
1192733,4859.24
1192733,4853.9
1192733,4848.56
1192733,4843.23
1192733,4837.9
1192733,4832.59
1192733,4827.28
1192733,4821.99
1192733,4816.7
1192733,4811.42
1192733,4806.15
1192733,4800.88
1192733,4795.63
1192733,4790.38
1192733,4785.14
1192733,4779.91
1192733,4774.69
1192733,4769.47
1192733,4764.27
1192733,4759.07
1192733,4753.88
1192733,4748.7
1192733,4743.53
1192733,4738.36
1192733,4733.21
1192733,4728.06
1192733,4722.92
1192733,4717.78
1192733,4712.66
1192733,4707.54
1192733,4702.43
1192733,4697.33
1191563,4692.24
1191563,4687.16
1191563,4682.08
1191563,4677.01
1191563,4671.95
1191563,4666.9
1193565,4661.85
1193565,4656.82
1192306,4651.79
1192306,4646.77
1192306,4641.75
1192306,4636.75
1192306,4631.75
1233490,4626.76
1233490,4621.78
1233490,4616.8
1233490,4611.84
1233490,4606.88
1233490,4601.93
1233490,4596.98
1233490,4592.05
1233490,4587.12
1233490,4582.2
1227734,4577.29
1227734,4572.38
1227734,4567.48
1227734,4562.59
1227734,4557.71
1227734,4552.84
1227734,4547.97
1227734,4543.11
1227734,4538.26
1227734,4533.41
1227734,4528.57
1227734,4523.74
1227734,4518.92
1227734,4514.11
1227734,4509.3
1227734,4504.5
1227734,4499.71
1227734,4494.92
1227734,4490.14
1227734,4485.37
1227734,4480.61
1227734,4475.85
1227734,4471.1
1227734,4466.36
1227734,4461.63
1227734,4456.9
1227734,4452.18
1227734,4447.47
1227734,4442.76
1227734,4438.07
1227734,4433.38
1227734,4428.69
1227734,4424.02
1342558,4419.35
1342558,4414.68
1342558,4410.03
1342558,4405.38
1342558,4400.74
1342558,4396.11
1342558,4391.48
1342558,4386.86
1342558,4382.25
1342558,4377.64
1342558,4373.05
1342558,4368.45
1342558,4363.87
1342558,4359.29
1342558,4354.72
1342558,4350.16
1342558,4345.6
1342558,4341.05
1342558,4336.51
1342558,4331.97
1342558,4327.44
1342558,4322.92
1342558,4318.41
1342558,4313.9
1342558,4309.4
1342558,4304.9
1342558,4300.41
1342558,4295.93
1342558,4291.46
1342558,4286.99
1342558,4282.53
1342558,4278.07
1342558,4273.63
1342558,4269.19
1342558,4264.75
1342558,4260.32
1342558,4255.9
1342558,4251.49
1342558,4247.08
1342558,4242.68
1342558,4238.29
1342558,4233.9
1342558,4229.52
1342558,4225.14
1342558,4220.77
1342558,4216.41
1342558,4212.06
1342558,4207.71
1342558,4203.37
1342558,4199.03
1342558,4194.7
1372865,4190.38
1372865,4186.07
1372865,4181.76
1372865,4177.45
1372865,4173.16
1372865,4168.87
1372865,4164.58
1372865,4160.31
1372865,4156.03
1372865,4151.77
1372865,4147.51
1372865,4143.26
1372865,4139.01
1372865,4134.78
1372865,4130.54
1372865,4126.32
1372865,4122.1
1372865,4117.88
1372865,4113.67
1372865,4109.47
1372865,4105.28
1372865,4101.09
1372865,4096.9
1372865,4092.73
1372865,4088.56
1372865,4084.39
1372865,4080.23
1372865,4076.08
1372865,4071.94
1372865,4067.8
1372865,4063.66
1372865,4059.54
1372865,4055.41
1372865,4051.3
1372865,4047.19
1372865,4043.09
1372865,4038.99
1372865,4034.9
1372865,4030.81
1372865,4026.73
1372865,4022.66
1372865,4018.59
1372865,4014.53
1372865,4010.48
1372865,4006.43
1372865,4002.38
1372865,3998.35
1372865,3994.31
1372865,3990.29
1372865,3986.27
1372865,3982.26
1372865,3978.25
1372865,3974.25
1372865,3970.25
1372865,3966.26
1372865,3962.27
1372865,3958.3
1372865,3954.32
1372865,3950.36
1372865,3946.39
1372865,3942.44
1372865,3938.49
1372865,3934.55
1372865,3930.61
1372865,3926.67
1372865,3922.75
1372865,3918.83
1372865,3914.91
1372865,3911
1372865,3907.1
1374222,3903.2
1374222,3899.31
1374222,3895.42
1374222,3891.54
1374222,3887.66
1374222,3883.79
1389248,3879.93
1389248,3876.07
1389248,3872.22
1389248,3868.37
1389248,3864.53
1389248,3860.69
1389248,3856.86
1389248,3853.03
1389248,3849.21
1403148,3845.4
1403148,3841.59
1403148,3837.79
1403148,3833.99
1403148,3830.19
1403148,3826.41
1403148,3822.63
1403148,3818.85
1404006,3815.08
1404006,3811.31
1404006,3807.55
1404006,3803.8
1404006,3800.05
1404006,3796.31
1404006,3792.57
1404006,3788.83
1412571,3785.11
1412571,3781.38
1412571,3777.67
1412571,3773.96
1412571,3770.25
1412571,3766.55
1412571,3762.85
1407537,3759.16
1407537,3755.48
1407537,3751.8
1407537,3748.12
1409482,3744.45
1409482,3740.79
1409482,3737.13
1409482,3733.48
1409482,3729.83
1409482,3726.18
1409482,3722.55
1409482,3718.91
1409482,3715.28
1409482,3711.66
1409482,3708.04
1409482,3704.43
1409482,3700.82
1409482,3697.22
1409482,3693.63
1409482,3690.03
1409482,3686.45
1409482,3682.86
1409482,3679.29
1409482,3675.72
1409482,3672.15
1409482,3668.59
1409482,3665.03
1409482,3661.48
1409482,3657.93
1409482,3654.39
1409482,3650.86
1409482,3647.32
1409482,3643.8
1409482,3640.28
1409482,3636.76
1409482,3633.25
1409482,3629.74
1409482,3626.24
1409482,3622.74
1409482,3619.25
1409482,3615.76
1409482,3612.28
1409482,3608.8
1409482,3605.33
1409482,3601.86
1409482,3598.4
1409482,3594.94
1409482,3591.49
1409482,3588.04
1409482,3584.6
1409482,3581.16
1409482,3577.73
1409482,3574.3
1409482,3570.88
1409482,3567.46
1409482,3564.04
1409482,3560.63
1409482,3557.23
1409482,3553.83
1409482,3550.43
1409482,3547.04
1409482,3543.66
1409482,3540.27
1409482,3536.9
1409482,3533.53
1409482,3530.16
1409482,3526.8
1409482,3523.44
1409482,3520.09
1409482,3516.74
1409482,3513.39
1421603,3510.05
1421603,3506.72
1421603,3503.39
1421603,3500.07
1421603,3496.74
1421603,3493.43
1421603,3490.12
1421603,3486.81
1421603,3483.51
1421603,3480.21
1421603,3476.92
1421603,3473.63
1421603,3470.34
1421603,3467.06
1421603,3463.79
1421603,3460.52
1421603,3457.25
1421603,3453.99
1421603,3450.74
1421603,3447.48
1421603,3444.23
1421603,3440.99
1421603,3437.75
1421603,3434.52
1421603,3431.29
1421603,3428.06
1421603,3424.84
1421603,3421.62
1421603,3418.41
1421603,3415.2
1421603,3412
1421603,3408.8
1421603,3405.6
1421603,3402.41
1421603,3399.23
1421603,3396.05
1421603,3392.87
1421603,3389.7
1421603,3386.53
1421603,3383.36
1421603,3380.2
1421603,3377.05
1421603,3373.9
1421603,3370.75
1421603,3367.6
1421603,3364.47
1416980,3361.33
1416980,3358.2
1416980,3355.08
1416980,3351.95
1416980,3348.84
1416980,3345.72
1416980,3342.62
1422635,3339.51
1422635,3336.41
1422635,3333.31
1422635,3330.22
1422635,3327.13
1422635,3324.05
1422635,3320.97
1422635,3317.9
1422635,3314.82
1422635,3311.76
1422635,3308.7
1422635,3305.64
1422635,3302.58
1422635,3299.53
1422635,3296.49
1422635,3293.44
1422635,3290.4
1422635,3287.37
1422635,3284.34
1422635,3281.32
1422635,3278.29
1422635,3275.28
1426696,3272.26
1426696,3269.25
1426696,3266.25
1426696,3263.25
1426696,3260.25
1426696,3257.26
1426696,3254.27
1426696,3251.28
1458269,3248.3
1458269,3245.32
1458269,3242.35
1458269,3239.38
1458269,3236.41
1458269,3233.45
1458269,3230.5
1458269,3227.54
1458269,3224.59
1458269,3221.65
1458269,3218.7
1458269,3215.77
1458269,3212.83
1458269,3209.9
1458269,3206.98
1458269,3204.06
1458269,3201.14
1458269,3198.22
1458269,3195.31
1458269,3192.41
1458269,3189.5
1458269,3186.6
1458269,3183.71
1458269,3180.82
1458269,3177.93
1458269,3175.05
1458269,3172.17
1458269,3169.29
1458269,3166.42
1458269,3163.55
1458269,3160.69
1458269,3157.83
1458269,3154.97
1475211,3152.12
1475211,3149.27
1475211,3146.42
1475211,3143.58
1475211,3140.74
1475211,3137.91
1475211,3135.08
1475211,3132.25
1475211,3129.43
1475211,3126.61
1475211,3123.8
1475211,3120.98
1475211,3118.18
1475211,3115.37
1475211,3112.57
1475211,3109.77
1475211,3106.98
1475211,3104.19
1475211,3101.41
1475211,3098.62
1475211,3095.84
1475211,3093.07
1475211,3090.3
1475211,3087.53
1475211,3084.77
1475211,3082.01
1475211,3079.25
1475211,3076.5
1475211,3073.75
1475211,3071
1475211,3068.26
1475211,3065.52
1475211,3062.78
1475211,3060.05
1475211,3057.32
1475211,3054.6
1475211,3051.88
1475211,3049.16
1475211,3046.45
1475211,3043.74
1475211,3041.03
1475211,3038.33
1475211,3035.63
1475211,3032.93
1475211,3030.24
1475211,3027.55
1475211,3024.86
1475211,3022.18
1475211,3019.5
1472215,3016.83
1472215,3014.16
1472215,3011.49
1472215,3008.82
1472215,3006.16
1472215,3003.5
1472215,3000.85
1472215,2998.2
1472215,2995.55
1472215,2992.91
1472215,2990.27
1472215,2987.63
1472215,2984.99
1472215,2982.36
1472215,2979.74
1472215,2977.11
1472215,2974.49
1472215,2971.88
1472215,2969.26
1472215,2966.65
1472215,2964.05
1472215,2961.44
1472215,2958.84
1472215,2956.25
1472215,2953.65
1472215,2951.06
1472215,2948.47
1472215,2945.89
1472215,2943.31
1472215,2940.73
1472215,2938.16
1472215,2935.59
1472215,2933.02
1472215,2930.46
1472215,2927.9
1472215,2925.34
1472215,2922.79
1472215,2920.24
1472215,2917.69
1472215,2915.15
1472215,2912.61
1472215,2910.07
1472215,2907.53
1472215,2905
1472215,2902.48
1472215,2899.95
1472215,2897.43
1472215,2894.91
1472215,2892.4
1472215,2889.89
1472215,2887.38
1472215,2884.87
1472215,2882.37
1472215,2879.87
1472215,2877.38
1472215,2874.88
1472215,2872.39
1472215,2869.91
1472215,2867.42
1472215,2864.94
1472215,2862.47
1472215,2859.99
1472215,2857.52
1472215,2855.06
1472215,2852.59
1472215,2850.13
1472215,2847.67
1472215,2845.22
1472215,2842.77
1472215,2840.32
1472215,2837.87
1472215,2835.43
1472215,2832.99
1472215,2830.55
1472215,2828.12
1472215,2825.69
1472215,2823.26
1472215,2820.84
1472215,2818.42
1472215,2816
1472215,2813.59
1472215,2811.17
1472215,2808.76
1472215,2806.36
1472215,2803.96
1472215,2801.56
1472215,2799.16
1472215,2796.77
1472215,2794.38
1472215,2791.99
1472215,2789.6
1472215,2787.22
1471888,2784.84
1471888,2782.47
1471888,2780.09
1471888,2777.72
1471888,2775.36
1471888,2772.99
1471888,2770.63
1471888,2768.27
1471888,2765.92
1471888,2763.57
1471888,2761.22
1471888,2758.87
1471888,2756.53
1471888,2754.19
1471888,2751.85
1471888,2749.52
1471888,2747.19
1471888,2744.86
1471888,2742.53
1471888,2740.21
1471888,2737.89
1471888,2735.57
1471888,2733.26
1471888,2730.95
1471888,2728.64
1471888,2726.33
1471888,2724.03
1471888,2721.73
1471888,2719.43
1471888,2717.14
1473760,2714.85
1473760,2712.56
1473760,2710.27
1473760,2707.99
1473760,2705.71
1528786,2703.43
1528786,2701.16
1528786,2698.89
1528786,2696.62
1528786,2694.35
1528786,2692.09
1528786,2689.83
1528786,2687.57
1528786,2685.31
1528786,2683.06
1528786,2680.81
1528786,2678.57
1528786,2676.32
1528786,2674.08
1528786,2671.84
1528786,2669.61
1528786,2667.38
1528786,2665.15
1528786,2662.92
1528786,2660.69
1531407,2658.47
1531407,2656.25
1531407,2654.04
1531407,2651.82
1531407,2649.61
1531407,2647.4
1531407,2645.2
1531407,2643
1531407,2640.8
1531407,2638.6
1531407,2636.4
1531407,2634.21
1531407,2632.02
1531407,2629.84
1531407,2627.65
1531407,2625.47
1525516,2623.29
1525516,2621.12
1525516,2618.94
1525516,2616.77
1525516,2614.61
1525516,2612.44
1525516,2610.28
1525516,2608.12
1525516,2605.96
1525516,2603.8
1525516,2601.65
1525516,2599.5
1525516,2597.36
1525516,2595.21
1525516,2593.07
1525516,2590.93
1525516,2588.79
1525516,2586.66
1525516,2584.53
1525516,2582.4
1525516,2580.27
1525516,2578.15
1525516,2576.03
1525516,2573.91
1525516,2571.79
1525516,2569.68
1525516,2567.57
1525516,2565.46
1525516,2563.36
1525516,2561.25
1525516,2559.15
1525516,2557.05
1525516,2554.96
1525516,2552.87
1525516,2550.77
1525516,2548.69
1525516,2546.6
1525516,2544.52
1525516,2542.44
1525516,2540.36
1525516,2538.28
1525516,2536.21
1525516,2534.14
1525516,2532.07
1525516,2530.01
1525516,2527.94
1525516,2525.88
1525516,2523.83
1525516,2521.77
1525516,2519.72
1525516,2517.67
1525516,2515.62
1525516,2513.57
1525516,2511.53
1525516,2509.49
1525516,2507.45
1525516,2505.41
1525516,2503.38
1525516,2501.35
1525516,2499.32
1541818,2497.29
1541818,2495.27
1541818,2493.25
1541818,2491.23
1541818,2489.21
1541818,2487.2
1541818,2485.19
1541818,2483.18
1541818,2481.17
1541818,2479.16
1541818,2477.16
1541818,2475.16
1541818,2473.16
1541818,2471.17
1541818,2469.18
1541818,2467.19
1541818,2465.2
1541818,2463.21
1541818,2461.23
1541818,2459.25
1541818,2457.27
1541818,2455.29
1541818,2453.32
1541818,2451.35
1541818,2449.38
1541818,2447.41
1541818,2445.45
1541818,2443.48
1541818,2441.52
1541818,2439.57
1541818,2437.61
1541818,2435.66
1541818,2433.71
1541818,2431.76
1541818,2429.81
1541818,2427.87
1541818,2425.93
1541818,2423.99
1541818,2422.05
1541818,2420.12
1541818,2418.18
1541818,2416.25
1541818,2414.32
1541818,2412.4
1541818,2410.48
1541818,2408.55
1541818,2406.64
1541818,2404.72
1541818,2402.8
1541818,2400.89
1541818,2398.98
1541818,2397.08
1541818,2395.17
1541818,2393.27
1541818,2391.37
1541818,2389.47
1541818,2387.57
1541818,2385.68
1541818,2383.78
1541818,2381.89
1541818,2380.01
1541818,2378.12
1541818,2376.24
1541818,2374.36
1541818,2372.48
1541818,2370.6
1541818,2368.73
1541818,2366.85
1541818,2364.98
1541818,2363.12
1541818,2361.25
1541818,2359.39
1541818,2357.53
1541818,2355.67
1541818,2353.81
1541818,2351.95
1541818,2350.1
1541818,2348.25
1541818,2346.4
1541818,2344.56
1541818,2342.71
1541818,2340.87
1541818,2339.03
1541818,2337.19
1541818,2335.36
1541818,2333.52
1541818,2331.69
1541818,2329.86
1541818,2328.03
1541818,2326.21
1541818,2324.39
1541818,2322.57
1541818,2320.75
1541818,2318.93
1541818,2317.12
1541818,2315.3
1541818,2313.49
1541818,2311.68
1541818,2309.88
1541818,2308.07
1541818,2306.27
1541818,2304.47
1541818,2302.67
1541818,2300.88
1541818,2299.08
1541818,2297.29
1541818,2295.5
1541818,2293.71
1541818,2291.93
1541818,2290.15
1541818,2288.36
1541818,2286.59
1541818,2284.81
1541818,2283.03
1541818,2281.26
1541818,2279.49
1541818,2277.72
1541818,2275.95
1541818,2274.19
1541818,2272.42
1541818,2270.66
1541818,2268.9
1539197,2267.15
1539197,2265.39
1539197,2263.64
1539197,2261.89
1539197,2260.14
1539197,2258.39
1539197,2256.64
1539197,2254.9
1539197,2253.16
1539197,2251.42
1539197,2249.68
1539197,2247.95
1539197,2246.22
1539197,2244.48
1539197,2242.75
1539197,2241.03
1539197,2239.3
1539197,2237.58
1539197,2235.86
1539197,2234.14
1539197,2232.42
1539197,2230.7
1539197,2228.99
1539197,2227.28
1539197,2225.57
1539197,2223.86
1539197,2222.16
1539197,2220.45
1539197,2218.75
1539197,2217.05
1539197,2215.35
1539197,2213.65
1539197,2211.96
1539197,2210.27
1539197,2208.58
1539197,2206.89
1539197,2205.2
1539197,2203.52
1539197,2201.83
1539197,2200.15
1539197,2198.47
1539197,2196.8
1539197,2195.12
1539197,2193.45
1539197,2191.78
1539197,2190.11
1539197,2188.44
1539197,2186.77
1539197,2185.11
1539197,2183.45
1539197,2181.79
1539197,2180.13
1539197,2178.47
1539197,2176.82
1539197,2175.16
1539197,2173.51
1539197,2171.86
1539197,2170.21
1539197,2168.57
1539197,2166.93
1539197,2165.28
1539197,2163.64
1539197,2162.01
1539197,2160.37
1539197,2158.73
1539197,2157.1
1539197,2155.47
1539197,2153.84
1539197,2152.21
1539197,2150.59
1539197,2148.97
1539197,2147.34
1539197,2145.72
1539197,2144.1
1539197,2142.49
1539197,2140.87
1539197,2139.26
1539197,2137.65
1539197,2136.04
1539197,2134.43
1539197,2132.83
1539197,2131.22
1539197,2129.62
1539197,2128.02
1539197,2126.42
1539197,2124.83
1539197,2123.23
1539197,2121.64
1539197,2120.05
1539197,2118.46
1539197,2116.87
1539197,2115.28
1539197,2113.7
1539197,2112.12
1539197,2110.53
1539197,2108.96
1539197,2107.38
1539197,2105.8
1539197,2104.23
1541199,2102.66
1541199,2101.09
1541199,2099.52
1541199,2097.95
1541199,2096.38
1541199,2094.82
1541199,2093.26
1541199,2091.7
1541199,2090.14
1541199,2088.58
1541199,2087.03
1541199,2085.48
1541199,2083.92
1541199,2082.37
1541199,2080.83
1541199,2079.28
1541199,2077.73
1541199,2076.19
1541199,2074.65
1541199,2073.11
1541199,2071.57
1541199,2070.04
1541199,2068.5
1541199,2066.97
1541199,2065.44
1541199,2063.91
1541199,2062.38
1541199,2060.85
1541199,2059.33
1541199,2057.81
1541199,2056.28
1541199,2054.77
1541199,2053.25
1541199,2051.73
1541199,2050.22
1541199,2048.7
1541199,2047.19
1541199,2045.68
1541199,2044.17
1541199,2042.67
1541199,2041.16
1541199,2039.66
1541199,2038.16
1541199,2036.66
1541199,2035.16
1541199,2033.66
1541199,2032.17
1541199,2030.68
1541199,2029.18
1541199,2027.69
1541199,2026.21
1541199,2024.72
1541199,2023.23
1541199,2021.75
1541199,2020.27
1544688,2018.79
1544688,2017.31
1544688,2015.83
1544688,2014.36
1544688,2012.88
1544688,2011.41
1544688,2009.94
1544688,2008.47
1544688,2007
1544688,2005.53
1544688,2004.07
1544688,2002.61
1544688,2001.15
1544688,1999.69
1544688,1998.23
1544688,1996.77
1544688,1995.32
1544688,1993.86
1544688,1992.41
1544688,1990.96
1544688,1989.51
1544688,1988.06
1544688,1986.62
1544688,1985.17
1544688,1983.73
1544688,1982.29
1544688,1980.85
1544688,1979.41
1544688,1977.98
1544688,1976.54
1544688,1975.11
1544688,1973.68
1544688,1972.25
1544688,1970.82
1544688,1969.39
1544688,1967.97
1544688,1966.54
1544688,1965.12
1544688,1963.7
1544688,1962.28
1544688,1960.86
1544688,1959.44
1544688,1958.03
1544688,1956.62
1544688,1955.2
1544688,1953.79
1544688,1952.38
1544688,1950.98
1544688,1949.57
1544688,1948.17
1544688,1946.76
1544688,1945.36
1544688,1943.96
1544688,1942.56
1544688,1941.17
1544688,1939.77
1544688,1938.38
1544688,1936.98
1544688,1935.59
1544688,1934.2
1544688,1932.81
1544688,1931.43
1544688,1930.04
1544688,1928.66
1544688,1927.28
1544688,1925.9
1544688,1924.52
1544688,1923.14
1544688,1921.76
1544688,1920.39
1544688,1919.01
1544688,1917.64
1544688,1916.27
1544688,1914.9
1544688,1913.53
1544688,1912.17
1544688,1910.8
1544688,1909.44
1544688,1908.08
1544688,1906.72
1544688,1905.36
1544688,1904
1544688,1902.64
1544688,1901.29
1544688,1899.94
1544688,1898.58
1544688,1897.23
1544688,1895.88
1544688,1894.54
1544688,1893.19
1544688,1891.85
1544688,1890.5
1544688,1889.16
1544688,1887.82
1544688,1886.48
1544688,1885.14
1544688,1883.81
1544688,1882.47
1544688,1881.14
1548245,1879.81
1548245,1878.47
1548245,1877.14
1548245,1875.82
1548245,1874.49
1548245,1873.16
1548245,1871.84
1548245,1870.52
1548245,1869.2
1548245,1867.88
1548245,1866.56
1548245,1865.24
1548245,1863.93
1548245,1862.61
1548245,1861.3
1548245,1859.99
1548245,1858.68
1548245,1857.37
1548245,1856.06
1548245,1854.76
1548245,1853.45
1548245,1852.15
1548245,1850.85
1548245,1849.55
1548245,1848.25
1548245,1846.95
1548245,1845.65
1548245,1844.36
1548245,1843.06
1548245,1841.77
1548245,1840.48
1548245,1839.19
1548245,1837.9
1548245,1836.61
1548245,1835.33
1548245,1834.04
1548245,1832.76
1548245,1831.48
1548245,1830.2
1548245,1828.92
1548245,1827.64
1548245,1826.36
1548245,1825.09
1548245,1823.82
1548245,1822.54
1548245,1821.27
1548245,1820
1548245,1818.73
1548245,1817.47
1548245,1816.2
1548245,1814.93
1548245,1813.67
1548245,1812.41
1548245,1811.15
1548245,1809.89
1548245,1808.63
1548245,1807.37
1548245,1806.12
1548245,1804.86
1548245,1803.61
1548245,1802.36
1546373,1801.11
1546373,1799.86
1546373,1798.61
1546373,1797.36
1546373,1796.12
1546373,1794.88
1546373,1793.63
1546373,1792.39
1546373,1791.15
1546373,1789.91
1546373,1788.67
1546373,1787.44
1546373,1786.2
1546373,1784.97
1546373,1783.74
1546373,1782.5
1546373,1781.27
1546373,1780.05
1546373,1778.82
1546373,1777.59
1546373,1776.37
1546373,1775.14
1546373,1773.92
1546373,1772.7
1546373,1771.48
1546373,1770.26
1546373,1769.04
1546373,1767.83
1546373,1766.61
1546373,1765.4
1546373,1764.18
1546373,1762.97
1546373,1761.76
1546373,1760.55
1546373,1759.35
1546373,1758.14
1546373,1756.93
1546373,1755.73
1546373,1754.53
1546373,1753.32
1546373,1752.12
1546373,1750.92
1546373,1749.73
1546373,1748.53
1546373,1747.33
1546373,1746.14
1546373,1744.95
1546373,1743.75
1546373,1742.56
1546373,1741.37
1546373,1740.19
1546373,1739
1546373,1737.81
1546373,1736.63
1546373,1735.44
1546373,1734.26
1546373,1733.08
1546373,1731.9
1546373,1730.72
1546373,1729.55
1546373,1728.37
1546373,1727.19
1546373,1726.02
1546373,1724.85
1548245,1723.67
1549228,1722.5
1549228,1721.33
1549228,1720.17
1549228,1719
1549228,1717.83
1549228,1716.67
1549228,1715.51
1549228,1714.34
1549228,1713.18
1549228,1712.02
1549228,1710.86
1549228,1709.71
1549228,1708.55
1549228,1707.39
1549228,1706.24
1549228,1705.09
1549228,1703.94
1549228,1702.78
1549228,1701.64
1549228,1700.49
1549228,1699.34
1549228,1698.19
1549228,1697.05
1549228,1695.9
1549228,1694.76
1549228,1693.62
1549228,1692.48
1549228,1691.34
1549228,1690.2
1549228,1689.07
1549228,1687.93
1549228,1686.79
1549228,1685.66
1549228,1684.53
1549228,1683.4
1549228,1682.27
1549228,1681.14
1549228,1680.01
1549228,1678.88
1549228,1677.76
1549228,1676.63
1549228,1675.51
1549228,1674.39
1549228,1673.27
1549228,1672.15
1549228,1671.03
1549228,1669.91
1549228,1668.79
1549228,1667.68
1566788,1666.56
1566788,1665.45
1566788,1664.34
1566788,1663.22
1566788,1662.11
1566788,1661.01
1566788,1659.9
1566788,1658.79
1566788,1657.68
1566788,1656.58
1566788,1655.48
1566788,1654.37
1566788,1653.27
1566788,1652.17
1566788,1651.07
1566788,1649.97
1566788,1648.88
1566788,1647.78
1566788,1646.69
1566788,1645.59
1566788,1644.5
1566788,1643.41
1566788,1642.32
1566788,1641.23
1566788,1640.14
1566788,1639.05
1566788,1637.97
1566788,1636.88
1566788,1635.8
1566788,1634.71
1566788,1633.63
1566788,1632.55
1566788,1631.47
1566788,1630.39
1566788,1629.31
1566788,1628.24
1566788,1627.16
1566788,1626.09
1566788,1625.01
1566788,1623.94
1566788,1622.87
1566788,1621.8
1566788,1620.73
1566788,1619.66
1566788,1618.59
1566788,1617.53
1566788,1616.46
1566788,1615.4
1566788,1614.33
1566788,1613.27
1566788,1612.21
1566788,1611.15
1566788,1610.09
1566788,1609.03
1566788,1607.97
1566788,1606.92
1566788,1605.86
1566788,1604.81
1566788,1603.76
1566788,1602.71
1566788,1601.65
1566788,1600.6
1566788,1599.56
1566788,1598.51
1566788,1597.46
1566788,1596.42
1628926,1595.37
1628926,1594.33
1628926,1593.28
1628926,1592.24
1628926,1591.2
1628926,1590.16
1628926,1589.12
1628926,1588.09
1628926,1587.05
1628926,1586.01
1628926,1584.98
1628926,1583.94
1628926,1582.91
1628926,1581.88
1628926,1580.85
1628926,1579.82
1628926,1578.79
1628926,1577.76
1628926,1576.74
1628926,1575.71
1628926,1574.69
1628926,1573.66
1628926,1572.64
1628926,1571.62
1628926,1570.6
1628926,1569.58
1628926,1568.56
1628926,1567.54
1628926,1566.52
1628926,1565.51
1628926,1564.49
1628926,1563.48
1628926,1562.47
1628926,1561.45
1628926,1560.44
1628926,1559.43
1628926,1558.42
1628926,1557.42
1628926,1556.41
1628926,1555.4
1628926,1554.4
1628926,1553.39
1628926,1552.39
1628926,1551.39
1628926,1550.39
1628926,1549.39
1628926,1548.39
1628926,1547.39
1628926,1546.39
1628926,1545.39
1628926,1544.4
1628926,1543.4
1628926,1542.41
1628926,1541.42
1628926,1540.43
1628926,1539.44
1628926,1538.45
1628926,1537.46
1628926,1536.47
1628926,1535.48
1628926,1534.49
1628926,1533.51
1628926,1532.53
1628926,1531.54
1631547,1530.56
1631547,1529.58
1631547,1528.6
1631547,1527.62
1631547,1526.64
1631547,1525.66
1631547,1524.68
1631547,1523.71
1631547,1522.73
1631547,1521.76
1631547,1520.79
1631547,1519.81
1631547,1518.84
1631547,1517.87
1631547,1516.9
1631547,1515.93
1631547,1514.97
1631547,1514
1631547,1513.03
1631547,1512.07
1631547,1511.11
1631547,1510.14
1631547,1509.18
1631547,1508.22
1631547,1507.26
1631547,1506.3
1631547,1505.34
1631547,1504.38
1631547,1503.43
1631547,1502.47
1631547,1501.52
1631547,1500.56
1631547,1499.61
1631547,1498.66
1631547,1497.71
1631547,1496.76
1631547,1495.81
1631547,1494.86
1631547,1493.91
1631547,1492.96
1631547,1492.02
1631547,1491.07
1631547,1490.13
1631547,1489.18
1631547,1488.24
1631547,1487.3
1631547,1486.36
1631547,1485.42
1631547,1484.48
1631547,1483.54
1631547,1482.61
1631547,1481.67
1631547,1480.74
1631547,1479.8
1631547,1478.87
1631547,1477.93
1631547,1477
1631547,1476.07
1631547,1475.14
1631547,1474.21
1631547,1473.28
1631547,1472.36
1631547,1471.43
1631547,1470.5
1631547,1469.58
1631547,1468.66
1631547,1467.73
1631547,1466.81
1631547,1465.89
1631547,1464.97
1631547,1464.05
1631547,1463.13
1631547,1462.21
1631547,1461.29
1631547,1460.38
1631547,1459.46
1631547,1458.55
1631547,1457.63
1631547,1456.72
1631547,1455.81
1631547,1454.9
1631547,1453.99
1631547,1453.08
1631547,1452.17
1631547,1451.26
1631547,1450.35
1631547,1449.45
1631547,1448.54
1631547,1447.64
1631547,1446.73
1631547,1445.83
1631547,1444.93
1631547,1444.03
1631547,1443.13
1631547,1442.23
1631547,1441.33
1631547,1440.43
1631547,1439.54
1631547,1438.64
1631547,1437.74
1631547,1436.85
1631547,1435.96
1631547,1435.06
1631547,1434.17
1631547,1433.28
1631547,1432.39
1631547,1431.5
1631547,1430.61
1631547,1429.72
1631547,1428.84
1631547,1427.95
1631547,1427.06
1631547,1426.18
1631547,1425.3
1631547,1424.41
1631547,1423.53
1631547,1422.65
1631547,1421.77
1631547,1420.89
1631547,1420.01
1631547,1419.13
1631547,1418.26
1631547,1417.38
1631547,1416.5
1631547,1415.63
1631547,1414.75
1631547,1413.88
1631547,1413.01
1631547,1412.14
1631547,1411.27
1631547,1410.4
1631547,1409.53
1631547,1408.66
1631547,1407.79
1631547,1406.92
1631547,1406.06
1631547,1405.19
1631547,1404.33
1631547,1403.46
1631547,1402.6
1631547,1401.74
1631547,1400.88
1631547,1400.02
1631547,1399.16
1631547,1398.3
1631547,1397.44
1631547,1396.58
1631547,1395.72
1631547,1394.87
1631547,1394.01
1631547,1393.16
1631547,1392.31
1631547,1391.45
1631547,1390.6
1631547,1389.75
1631547,1388.9
1631547,1388.05
1631547,1387.2
1631547,1386.35
1631547,1385.5
1631547,1384.66
1631547,1383.81
1631547,1382.97
1631547,1382.12
1631547,1381.28
1631547,1380.44
1631547,1379.59
1631547,1378.75
1631547,1377.91
1631547,1377.07
1631547,1376.23
1631547,1375.39
1631547,1374.56
1631547,1373.72
1631547,1372.88
1631547,1372.05
1631547,1371.21
1631547,1370.38
1631547,1369.55
1631547,1368.72
1631547,1367.88
1631547,1367.05
1631547,1366.22
1631547,1365.39
1631547,1364.57
1631547,1363.74
1631547,1362.91
1631547,1362.09
1631547,1361.26
1631547,1360.44
1631547,1359.61
1631547,1358.79
1631547,1357.97
1631547,1357.14
1631547,1356.32
1631547,1355.5
1631547,1354.68
1631547,1353.86
1631547,1353.05
1631547,1352.23
1631547,1351.41
1631547,1350.6
1631547,1349.78
1631547,1348.97
1631547,1348.15
1631547,1347.34
1631547,1346.53
1631547,1345.72
1631547,1344.9
1631547,1344.09
1631547,1343.29
1631547,1342.48
1631547,1341.67
1631547,1340.86
1631547,1340.06
1631547,1339.25
1631547,1338.44
1631547,1337.64
1631547,1336.84
1631547,1336.03
1631547,1335.23
1631547,1334.43
1631547,1333.63
1631547,1332.83
1631547,1332.03
1631547,1331.23
1631547,1330.43
1631547,1329.64
1631547,1328.84
1631547,1328.04
1631547,1327.25
1631547,1326.46
1631547,1325.66
1631547,1324.87
1631547,1324.08
1631547,1323.29
1631547,1322.49
1631547,1321.7
1631547,1320.91
1631547,1320.13
1631547,1319.34
1631547,1318.55
1631547,1317.76
1631547,1316.98
1631547,1316.19
1631547,1315.41
1631547,1314.62
1631547,1313.84
1631547,1313.06
1631547,1312.28
1631547,1311.5
1631547,1310.72
1631547,1309.94
1631547,1309.16
1631547,1308.38
1631547,1307.6
1631547,1306.82
1631547,1306.05
1631547,1305.27
1631547,1304.5
1631547,1303.72
1631547,1302.95
1631547,1302.18
1631547,1301.41
1631547,1300.63
1631547,1299.86
1631547,1299.09
1631547,1298.32
1631547,1297.55
1631547,1296.79
1631547,1296.02
1631547,1295.25
1631547,1294.49
1631547,1293.72
1631547,1292.96
1631547,1292.19
1631547,1291.43
1631547,1290.67
1631547,1289.9
1631547,1289.14
1631547,1288.38
1631547,1287.62
1631547,1286.86
1631547,1286.1
1631547,1285.35
1631547,1284.59
1631547,1283.83
1631547,1283.08
1631547,1282.32
1631547,1281.57
1631547,1280.81
1631547,1280.06
1631547,1279.31
1631547,1278.55
1631547,1277.8
1631547,1277.05
1631547,1276.3
1631547,1275.55
1631547,1274.8
1631547,1274.06
1631547,1273.31
1631547,1272.56
1631547,1271.82
1631547,1271.07
1631547,1270.32
1631547,1269.58
1631547,1268.84
1631547,1268.09
1631547,1267.35
1631547,1266.61
1631547,1265.87
1631547,1265.13
1631547,1264.39
1631547,1263.65
1631547,1262.91
1631547,1262.17
1631547,1261.44
1631547,1260.7
1631547,1259.96
1631547,1259.23
1631547,1258.49
1631547,1257.76
1631547,1257.03
1631547,1256.29
1631547,1255.56
1631547,1254.83
1631547,1254.1
1631547,1253.37
1631547,1252.64
1631547,1251.91
1631547,1251.18
1631547,1250.46
1631547,1249.73
1631547,1249
1631547,1248.28
1631547,1247.55
1631547,1246.83
1631547,1246.1
1631547,1245.38
1631547,1244.66
1631547,1243.94
1631547,1243.21
1631547,1242.49
1631547,1241.77
1631547,1241.05
1631547,1240.33
1631547,1239.62
1631547,1238.9
1631547,1238.18
1631547,1237.47
1631547,1236.75
1631547,1236.03
1631547,1235.32
1631547,1234.61
1631547,1233.89
1631547,1233.18
1631547,1232.47
1631547,1231.76
1631547,1231.05
1631547,1230.34
1631547,1229.63
1631547,1228.92
1631547,1228.21
1631547,1227.5
1631547,1226.79
1631547,1226.09
1631547,1225.38
1631547,1224.67
1631547,1223.97
1631547,1223.27
1631547,1222.56
1631547,1221.86
1631547,1221.16
1631547,1220.45
1631547,1219.75
1631547,1219.05
1631547,1218.35
1631547,1217.65
1631547,1216.95
1631547,1216.26
1631547,1215.56
1631547,1214.86
1631547,1214.17
1631547,1213.47
1631547,1212.77
1631547,1212.08
1631547,1211.39
1631547,1210.69
1631547,1210
1631547,1209.31
1631547,1208.62
1631547,1207.92
1631547,1207.23
1631547,1206.54
1631547,1205.85
1631547,1205.17
1631547,1204.48
1631547,1203.79
1631547,1203.1
1631547,1202.42
1631547,1201.73
1631547,1201.04
1631547,1200.36
1631547,1199.68
1631547,1198.99
1631547,1198.31
1631547,1197.63
1631547,1196.95
1631547,1196.26
1631547,1195.58
1631547,1194.9
1631547,1194.22
1631547,1193.54
1631547,1192.87
1631547,1192.19
1631547,1191.51
1631547,1190.83
1631547,1190.16
1631547,1189.48
1631547,1188.81
1631547,1188.13
1631547,1187.46
1631547,1186.79
1661113,1186.11
1661113,1185.44
1661113,1184.77
1661113,1184.1
1661113,1183.43
1661113,1182.76
1661113,1182.09
1661113,1181.42
1661113,1180.75
1661113,1180.09
1661113,1179.42
1661113,1178.75
1661113,1178.09
1661113,1177.42
1661113,1176.76
1661113,1176.09
1661113,1175.43
1661113,1174.77
1661113,1174.1
1661113,1173.44
1661113,1172.78
1661113,1172.12
1661113,1171.46
1661113,1170.8
1661113,1170.14
1661113,1169.48
1661113,1168.82
1661113,1168.17
1661113,1167.51
1661113,1166.85
1661113,1166.2
1661113,1165.54
1661113,1164.89
1661113,1164.23
1661113,1163.58
1661113,1162.92
1661113,1162.27
1661113,1161.62
1661113,1160.97
1661113,1160.32
1661113,1159.67
1661113,1159.02
1661113,1158.37
1661113,1157.72
1661113,1157.07
1661113,1156.42
1661113,1155.78
1661113,1155.13
1661113,1154.48
1661113,1153.84
1661113,1153.19
1661113,1152.55
1661113,1151.9
1661113,1151.26
1661113,1150.62
1661113,1149.97
1661113,1149.33
1661113,1148.69
1661113,1148.05
1661113,1147.41
1661113,1146.77
1661113,1146.13
1659100,1145.49
1659100,1144.85
1659100,1144.22
1659100,1143.58
1659100,1142.94
1659100,1142.31
1659100,1141.67
1659100,1141.04
1659100,1140.4
1659100,1139.77
1659100,1139.14
1659100,1138.5
1659100,1137.87
1659100,1137.24
1659100,1136.61
1659100,1135.98
1659100,1135.35
1659100,1134.72
1659100,1134.09
1659100,1133.46
1659100,1132.83
1659100,1132.2
1659100,1131.58
1659100,1130.95
1659100,1130.32
1659100,1129.7
1659100,1129.07
1659100,1128.45
1659100,1127.82
1659100,1127.2
1659100,1126.58
1659100,1125.95
1659100,1125.33
1659100,1124.71
1659100,1124.09
1659100,1123.47
1659100,1122.85
1659100,1122.23
1659100,1121.61
1659100,1120.99
1659100,1120.37
1659100,1119.76
1659100,1119.14
1659100,1118.52
1659100,1117.91
1659100,1117.29
1659100,1116.68
1659100,1116.06
1659100,1115.45
1659100,1114.84
1659100,1114.22
1659100,1113.61
1659100,1113
1659100,1112.39
1659100,1111.78
1659100,1111.17
1659100,1110.56
1659100,1109.95
1659100,1109.34
1659100,1108.73
1659100,1108.12
1659100,1107.51
1659100,1106.91
1659100,1106.3
1659100,1105.69
1659100,1105.09
1659100,1104.48
1659100,1103.88
1659100,1103.28
1659100,1102.67
1659100,1102.07
1659100,1101.47
1659100,1100.86
1659100,1100.26
1659100,1099.66
1659100,1099.06
1659100,1098.46
1659100,1097.86
1659100,1097.26
1659100,1096.66
1659100,1096.07
1659100,1095.47
1659100,1094.87
1659100,1094.28
1659100,1093.68
1659100,1093.08
1659100,1092.49
1659100,1091.89
1659100,1091.3
1659100,1090.71
1659100,1090.11
1659100,1089.52
1659100,1088.93
1659100,1088.34
1659100,1087.74
1659100,1087.15
1659100,1086.56
1659100,1085.97
1659100,1085.38
1659100,1084.79
1659100,1084.21
1659100,1083.62
1659100,1083.03
1659100,1082.44
1659100,1081.86
1659100,1081.27
1659100,1080.69
1659100,1080.1
1659100,1079.52
1659100,1078.93
1659100,1078.35
1659100,1077.76
1659100,1077.18
1659100,1076.6
1659100,1076.02
1659100,1075.44
1659100,1074.85
1659100,1074.27
1659100,1073.69
1659100,1073.11
1659100,1072.54
1659100,1071.96
1659100,1071.38
1659100,1070.8
1659100,1070.22
1659100,1069.65
1659100,1069.07
1659100,1068.49
1659100,1067.92
1659100,1067.34
1659100,1066.77
1659100,1066.2
1659100,1065.62
1659100,1065.05
1659100,1064.48
1659100,1063.9
1659100,1063.33
1659100,1062.76
1659100,1062.19
1659100,1061.62
1659100,1061.05
1659100,1060.48
1659100,1059.91
1659100,1059.34
1659100,1058.78
1659100,1058.21
1659100,1057.64
1659100,1057.07
1659100,1056.51
1659100,1055.94
1659100,1055.38
1659100,1054.81
1659100,1054.25
1659100,1053.68
1659100,1053.12
1659100,1052.56
1659100,1051.99
1659100,1051.43
1659100,1050.87
1659100,1050.31
1659100,1049.75
1659100,1049.19
1659100,1048.63
1659100,1048.07
1659100,1047.51
1659100,1046.95
1659100,1046.39
1659100,1045.84
1659100,1045.28
1659100,1044.72
1659100,1044.16
1659100,1043.61
1659100,1043.05
1659100,1042.5
1659100,1041.94
1659100,1041.39
1659100,1040.84
1659100,1040.28
1659100,1039.73
1659100,1039.18
1659100,1038.62
1659100,1038.07
1659100,1037.52
1659100,1036.97
1659100,1036.42
1659100,1035.87
1659100,1035.32
1659100,1034.77
1659100,1034.22
1659100,1033.68
1659100,1033.13
1659100,1032.58
1659100,1032.03
1659100,1031.49
1659100,1030.94
1659100,1030.4
1659100,1029.85
1659100,1029.31
1659100,1028.76
1659100,1028.22
1659100,1027.68
1659100,1027.13
1659100,1026.59
1659100,1026.05
1659100,1025.51
1659100,1024.96
1659100,1024.42
1659100,1023.88
1659100,1023.34
1659100,1022.8
1659100,1022.26
1659100,1021.73
1659100,1021.19
1659100,1020.65
1659100,1020.11
1659100,1019.58
1659100,1019.04
1659100,1018.5
1659100,1017.97
1659100,1017.43
1659100,1016.9
1659100,1016.36
1659100,1015.83
1659100,1015.29
1659100,1014.76
1659100,1014.23
1659100,1013.7
1659100,1013.16
1659100,1012.63
1659100,1012.1
1659100,1011.57
1659100,1011.04
1659100,1010.51
1659100,1009.98
1659100,1009.45
1659100,1008.92
1659100,1008.39
1659100,1007.87
1659100,1007.34
1659100,1006.81
1659100,1006.29
1659100,1005.76
1659100,1005.23
1659100,1004.71
1659100,1004.18
1659100,1003.66
1659100,1003.13
1659100,1002.61
1659100,1002.09
1659100,1001.56
1659100,1001.04
1659100,1000.52
1659100,999.998
1659100,999.477
1659100,998.956
1659100,998.436
1659100,997.915
1659100,997.396
1659100,996.876
1659100,996.357
1659100,995.839
1659100,995.321
1659100,994.803
1659100,994.286
1659100,993.769
1659100,993.253
1659100,992.736
1659100,992.221
1659100,991.705
1659100,991.191
1659100,990.676
1659100,990.162
1659100,989.648
1659100,989.135
1659100,988.622
1659100,988.109
1659100,987.597
1659100,987.086
1659100,986.574
1659100,986.063
1659100,985.553
1659100,985.043
1659100,984.533
1659100,984.024
1659100,983.515
1659100,983.006
1659100,982.498
1659100,981.99
1659100,981.483
1659100,980.976
1659100,980.469
1659100,979.963
1659100,979.457
1659100,978.951
1659100,978.446
1659100,977.942
1659100,977.437
1659100,976.934
1659100,976.43
1659100,975.927
1659100,975.424
1659100,974.922
1659100,974.42
1659100,973.918
1659100,973.417
1659100,972.916
1659100,972.416
1659100,971.916
1659100,971.416
1659100,970.917
1659100,970.418
1659100,969.919
1659100,969.421
1659100,968.923
1659100,968.426
1659100,967.929
1659100,967.432
1659100,966.936
1659100,966.44
1659100,965.945
1659100,965.45
1659100,964.955
1659100,964.461
1659100,963.967
1659100,963.473
1659100,962.98
1659100,962.487
1659100,961.995
1659100,961.502
1659100,961.011
1659100,960.519
1659100,960.028
1659100,959.538
1659100,959.048
1659100,958.558
1659100,958.068
1659100,957.579
1659100,957.09
1659100,956.602
1659100,956.114
1659100,955.626
1659100,955.139
1659100,954.652
1659100,954.166
1659100,953.68
1659100,953.194
1659100,952.709
1659100,952.224
1659100,951.739
1659100,951.255
1659100,950.771
1659100,950.287
1659100,949.804
1659100,949.321
1659100,948.839
1659100,948.356
1659100,947.875
1659100,947.393
1659100,946.912
1659100,946.432
1659100,945.951
1659100,945.472
1659100,944.992
1659100,944.513
1659100,944.034
1659100,943.555
1659100,943.077
1659100,942.6
1659100,942.122
1659100,941.645
1659100,941.169
1659100,940.692
1659100,940.216
1659100,939.741
1659100,939.265
1659100,938.791
1659100,938.316
1659100,937.842
1659100,937.368
1659100,936.895
1659100,936.422
1659100,935.949
1659100,935.476
1659100,935.004
1659100,934.533
1659100,934.061
1659100,933.591
1659100,933.12
1659100,932.65
1659100,932.18
1659100,931.71
1659100,931.241
1659100,930.772
1659100,930.304
1659100,929.836
1659100,929.368
1659100,928.9
1659100,928.433
1659100,927.967
1659100,927.5
1659100,927.034
1659100,926.568
1659100,926.103
1659100,925.638
1659100,925.173
1659100,924.709
1659100,924.245
1659100,923.782
1659100,923.318
1659100,922.855
1659100,922.393
1659100,921.931
1659100,921.469
1659100,921.007
1659100,920.546
1659100,920.085
1659100,919.625
1659100,919.165
1659100,918.705
1659100,918.245
1659100,917.786
1659100,917.327
1659100,916.869
1659100,916.411
1659100,915.953
1659100,915.496
1659100,915.039
1659100,914.582
1659100,914.125
1659100,913.669
1659100,913.214
1659100,912.758
1659100,912.303
1659100,911.849
1659100,911.394
1659100,910.94
1659100,910.486
1659100,910.033
1659100,909.58
1659100,909.127
1659100,908.675
1659100,908.223
1659100,907.771
1659100,907.32
1659100,906.869
1659100,906.418
1659100,905.968
1659100,905.518
1659100,905.068
1659100,904.619
1659100,904.17
1659100,903.721
1659100,903.273
1659100,902.825
1659100,902.377
1659100,901.93
1659100,901.483
1659100,901.036
1659100,900.59
1659100,900.144
1659100,899.698
1659100,899.253
1659100,898.808
1659100,898.363
1659100,897.919
1659100,897.475
1659100,897.031
1659100,896.587
1659100,896.144
1659100,895.702
1659100,895.259
1659100,894.817
1659100,894.375
1659100,893.934
1659100,893.493
1659100,893.052
1659100,892.611
1659100,892.171
1659100,891.731
1659100,891.292
1659100,890.853
1659100,890.414
1659100,889.975
1659100,889.537
1659100,889.099
1659100,888.662
1659100,888.224
1659100,887.787
1659100,887.351
1659100,886.914
1659100,886.478
1659100,886.043
1659100,885.607
1659100,885.172
1659100,884.738
1659100,884.303
1659100,883.869
1659100,883.436
1659100,883.002
1659100,882.569
1659100,882.136
1659100,881.704
1659100,881.272
1659100,880.84
1659100,880.408
1659100,879.977
1659100,879.546
1659100,879.116
1659100,878.685
1659100,878.255
1659100,877.826
1659100,877.396
1659100,876.967
1659100,876.539
1659100,876.11
1659100,875.682
1659100,875.254
1659100,874.827
1659100,874.4
1659100,873.973
1659100,873.546
1659100,873.12
1659100,872.694
1659100,872.269
1659100,871.843
1659100,871.418
1659100,870.994
1659100,870.569
1659100,870.145
1659100,869.722
1659100,869.298
1659100,868.875
1659100,868.452
1659802,868.03
1659802,867.607
1659802,867.185
1659802,866.764
1659802,866.343
1659802,865.922
1659802,865.501
1659802,865.081
1659802,864.66
1659802,864.241
1659802,863.821
1659802,863.402
1659802,862.983
1659802,862.565
1659802,862.146
1659802,861.728
1659802,861.311
1659802,860.893
1659802,860.476
1659802,860.06
1659802,859.643
1659802,859.227
1659802,858.811
1659802,858.396
1659802,857.98
1659802,857.565
1659802,857.151
1659802,856.736
1659802,856.322
1659802,855.909
1659802,855.495
1659802,855.082
1659802,854.669
1659802,854.257
1659802,853.844
1659802,853.432
1659802,853.021
1659802,852.609
1659802,852.198
1659802,851.787
1659802,851.377
1659802,850.967
1659802,850.557
1659802,850.147
1659802,849.738
1659802,849.329
1659802,848.92
1659802,848.512
1659802,848.104
1659802,847.696
1659802,847.288
1659802,846.881
1659802,846.474
1659802,846.067
1659802,845.661
1659802,845.255
1659802,844.849
1659802,844.444
1659802,844.038
1659802,843.633
1659802,843.229
1659802,842.824
1659802,842.42
1659802,842.017
1659802,841.613
1659802,841.21
1659802,840.807
1659802,840.404
1659802,840.002
1659802,839.6
1659802,839.198
1659802,838.797
1659802,838.396
1659802,837.995
1659802,837.594
1659802,837.194
1659802,836.794
1659802,836.394
1659802,835.994
1659802,835.595
1659802,835.196
1659802,834.798
1659802,834.399
1659802,834.001
1659802,833.603
1659802,833.206
1659802,832.809
1659802,832.412
1659802,832.015
1659802,831.619
1659802,831.223
1661113,830.827
1661113,830.431
1661113,830.036
1661113,829.641
1661113,829.247
1661113,828.852
1661113,828.458
1661113,828.064
1661113,827.671
1661113,827.277
1661113,826.884
1661113,826.492
1661113,826.099
1661113,825.707
1661113,825.315
1661113,824.924
1661113,824.532
1661113,824.141
1661113,823.75
1661113,823.36
1661113,822.97
1661113,822.58
1661113,822.19
1661113,821.801
1661113,821.411
1661113,821.023
1661113,820.634
1661113,820.246
1661113,819.858
1661113,819.47
1661113,819.082
1661113,818.695
1661113,818.308
1661113,817.922
1661113,817.535
1661113,817.149
1661113,816.763
1661113,816.378
1661113,815.992
1661113,815.607
1661113,815.223
1661113,814.838
1661113,814.454
1661113,814.07
1661113,813.686
1661113,813.303
1661113,812.92
1661113,812.537
1661113,812.154
1661113,811.772
1661113,811.39
1661113,811.008
1661113,810.626
1661113,810.245
1661113,809.864
1661113,809.483
1661113,809.103
1661113,808.723
1661113,808.343
1661113,807.963
1661113,807.584
1661113,807.205
1661113,806.826
1661113,806.447
1661113,806.069
1661113,805.691
1661113,805.313
1661113,804.935
1661113,804.558
1661113,804.181
1661113,803.804
1661113,803.428
1661113,803.052
1661113,802.676
1661113,802.3
1661113,801.924
1661113,801.549
1661113,801.174
1661113,800.8
1661113,800.425
1661113,800.051
1661113,799.677
1661113,799.304
1661113,798.93
1661113,798.557
1661113,798.184
1661113,797.812
1661113,797.44
1661113,797.067
1661113,796.696
1661113,796.324
1661113,795.953
1661113,795.582
1661113,795.211
1661113,794.841
1661113,794.47
1661113,794.1
1661113,793.731
1661113,793.361
1661113,792.992
1661113,792.623
1661113,792.254
1661113,791.886
1661113,791.518
1661113,791.15
1661113,790.782
1661113,790.415
1661113,790.047
1661113,789.68
1661113,789.314
1661113,788.947
1661113,788.581
1661113,788.215
1661113,787.85
1661113,787.484
1660738,787.119
1660738,786.754
1660738,786.39
1660738,786.025
1660738,785.661
1660738,785.297
1660738,784.933
1660738,784.57
1660738,784.207
1660738,783.844
1660738,783.481
1660738,783.119
1660738,782.757
1660738,782.395
1660738,782.033
1660738,781.672
1660738,781.311
1660738,780.95
1660738,780.589
1660738,780.229
1660738,779.869
1660738,779.509
1660738,779.149
1660738,778.79
1660738,778.431
1660738,778.072
1660738,777.713
1660738,777.355
1660738,776.997
1660738,776.639
1660738,776.281
1660738,775.924
1660738,775.566
1660738,775.209
1660738,774.853
1660738,774.496
1660738,774.14
1660738,773.784
1662110,773.428
1662110,773.073
1662110,772.718
1662110,772.363
1662110,772.008
1662110,771.654
1662110,771.299
1662110,770.945
1662110,770.591
1662110,770.238
1662110,769.885
1662110,769.532
1662110,769.179
1662110,768.826
1662110,768.474
1662110,768.122
1662110,767.77
1662110,767.418
1662110,767.067
1662110,766.716
1662110,766.365
1662110,766.014
1662110,765.664
1662110,765.314
1662110,764.964
1662110,764.614
1662110,764.265
1662110,763.916
1662110,763.567
1662110,763.218
1662110,762.869
1662110,762.521
1662110,762.173
1662110,761.825
1662110,761.478
1662110,761.131
1662110,760.783
1662110,760.437
1662110,760.09
1662110,759.744
1662110,759.398
1662110,759.052
1662110,758.706
1662110,758.361
1662110,758.015
1662110,757.67
1662110,757.326
1662110,756.981
1662110,756.637
1662110,756.293
1662110,755.949
1662110,755.606
1662110,755.262
1662110,754.919
1662110,754.576
1662110,754.234
1662110,753.891
1662110,753.549
1662110,753.207
1662110,752.866
1662110,752.524
1662110,752.183
1662110,751.842
1662110,751.501
1662110,751.161
1662110,750.82
1662110,750.48
1662110,750.14
1662110,749.801
1662110,749.461
1662110,749.122
1662110,748.783
1662110,748.444
1662110,748.106
1662110,747.768
1662110,747.43
1662110,747.092
1662110,746.754
1662110,746.417
1662110,746.08
1662110,745.743
1662110,745.406
1662110,745.07
1662110,744.734
1662110,744.398
1662110,744.062
1662110,743.727
1662110,743.391
1662110,743.056
1662110,742.721
1662110,742.387
1662110,742.052
1662110,741.718
1662110,741.384
1662110,741.05
1662110,740.717
1662110,740.384
1662110,740.051
1662110,739.718
1662110,739.385
1662110,739.053
1662110,738.721
1662110,738.389
1662110,738.057
1662110,737.725
1662110,737.394
1662110,737.063
1662110,736.732
1662110,736.402
1662110,736.071
1662110,735.741
1662110,735.411
1662110,735.082
1662110,734.752
1662110,734.423
1662110,734.094
1662110,733.765
1662110,733.436
1662110,733.108
1662110,732.78
1662110,732.452
1662110,732.124
1662110,731.796
1662110,731.469
1662110,731.142
1662110,730.815
1662110,730.488
1662110,730.162
1662110,729.836
1663694,729.51
1663694,729.184
1663694,728.859
1663694,728.533
1663694,728.208
1663694,727.883
1663694,727.558
1663694,727.234
1663694,726.91
1663694,726.586
1663694,726.262
1663694,725.938
1663694,725.615
1663694,725.292
1663694,724.969
1663694,724.646
1663694,724.323
1663694,724.001
1663694,723.679
1663694,723.357
1663694,723.035
1663694,722.714
1663694,722.393
1663694,722.071
1663694,721.751
1663694,721.43
1663694,721.11
1663694,720.789
1663694,720.469
1663694,720.15
1663694,719.83
1663694,719.511
1663694,719.192
1663694,718.873
1663694,718.554
1663694,718.235
1663694,717.917
1663694,717.599
1663694,717.281
1663694,716.964
1663694,716.646
1663694,716.329
1663694,716.012
1663694,715.695
1663694,715.378
1663694,715.062
1663694,714.746
1663694,714.43
1663694,714.114
1663694,713.798
1663694,713.483
1663694,713.168
1663694,712.853
1663694,712.538
1663694,712.224
1663928,711.909
1663928,711.595
1663928,711.281
1663928,710.968
1663928,710.654
1663928,710.341
1663928,710.028
1663928,709.715
1663928,709.402
1663928,709.09
1663928,708.777
1663928,708.465
1663928,708.153
1663928,707.842
1663928,707.53
1663928,707.219
1663928,706.908
1663928,706.597
1663928,706.287
1663928,705.976
1663928,705.666
1663928,705.356
1663928,705.046
1663928,704.736
1663928,704.427
1663928,704.118
1663928,703.809
1663928,703.5
1663928,703.191
1663928,702.883
1663928,702.575
1663928,702.267
1663928,701.959
1663928,701.651
1663928,701.344
1663928,701.037
1663928,700.73
1663928,700.423
1663928,700.117
1663928,699.81
1663928,699.504
1663928,699.198
1663928,698.892
1663928,698.587
1663928,698.281
1663928,697.976
1663928,697.671
1663928,697.366
1663928,697.062
1663928,696.757
1663928,696.453
1663928,696.149
1663928,695.845
1663928,695.542
1663928,695.238
1663928,694.935
1663928,694.632
1663928,694.329
1663928,694.027
1663928,693.724
1663928,693.422
1663928,693.12
1663928,692.818
1663928,692.516
1663928,692.215
1663928,691.914
1663928,691.613
1663928,691.312
1663928,691.011
1663928,690.711
1663928,690.411
1663928,690.11
1663928,689.811
1663928,689.511
1663928,689.211
1663928,688.912
1663928,688.613
1663928,688.314
1663928,688.015
1663928,687.717
1663928,687.419
1663928,687.12
1663928,686.822
1663928,686.525
1663928,686.227
1663928,685.93
1663928,685.633
1663928,685.336
1663928,685.039
1663928,684.742
1663928,684.446
1663928,684.15
1663928,683.854
1663928,683.558
1663928,683.262
1663928,682.967
1663928,682.672
1663928,682.376
1663928,682.082
1663928,681.787
1663928,681.492
1663928,681.198
1663928,680.904
1663928,680.61
1663928,680.316
1663928,680.023
1663928,679.729
1663928,679.436
1663928,679.143
1663928,678.85
1663928,678.558
1663928,678.265
1663928,677.973
1663928,677.681
1663928,677.389
1663928,677.098
1663928,676.806
1663928,676.515
1663928,676.224
1663928,675.933
1663928,675.642
1663928,675.352
1663928,675.061
1663928,674.771
1663928,674.481
1663928,674.191
1663928,673.902
1663928,673.612
1663928,673.323
1663928,673.034
1663928,672.745
1663928,672.456
1663928,672.168
1663928,671.88
1663928,671.592
1663928,671.304
1663928,671.016
1663928,670.728
1663928,670.441
1663928,670.154
1663928,669.867
1663928,669.58
1663928,669.293
1663928,669.007
1663928,668.72
1663928,668.434
1663928,668.148
1663928,667.863
1663928,667.577
1663928,667.292
1663928,667.006
1663928,666.721
1663928,666.437
1663928,666.152
1663928,665.868
1663928,665.583
1663928,665.299
1663928,665.015
1663928,664.731
1663928,664.448
1663928,664.164
1663928,663.881
1663928,663.598
1663928,663.315
1663928,663.033
1663928,662.75
1663928,662.468
1663928,662.186
1663928,661.904
1663928,661.622
1663928,661.341
1663928,661.059
1663928,660.778
1663928,660.497
1663928,660.216
1663928,659.935
1663928,659.655
1663928,659.374
1663928,659.094
1663928,658.814
1663928,658.534
1663928,658.255
1663928,657.975
1663928,657.696
1663928,657.417
1663928,657.138
1663928,656.859
1663928,656.581
1663928,656.302
1663928,656.024
1663928,655.746
1663928,655.468
1663928,655.191
1663928,654.913
1663928,654.636
1663928,654.359
1663928,654.082
1663928,653.805
1663928,653.528
1663928,653.252
1663928,652.975
1663928,652.699
1663928,652.423
1663928,652.148
1663928,651.872
1663928,651.597
1663928,651.321
1663928,651.046
1663928,650.771
1663928,650.497
1663928,650.222
1663928,649.948
1663928,649.674
1663928,649.4
1663928,649.126
1663928,648.852
1663928,648.579
1663928,648.305
1663928,648.032
1663928,647.759
1663928,647.486
1663928,647.214
1663928,646.941
1663928,646.669
1663928,646.397
1663928,646.125
1663928,645.853
1663928,645.581
1663928,645.31
1663928,645.038
1663928,644.767
1663928,644.496
1663928,644.226
1663928,643.955
1663928,643.685
1663928,643.414
1663928,643.144
1663928,642.874
1663928,642.605
1663928,642.335
1663928,642.066
1663928,641.796
1663928,641.527
1663928,641.258
1663928,640.99
1663928,640.721
1663928,640.453
1663928,640.184
1663928,639.916
1663928,639.648
1663928,639.381
1663928,639.113
1663928,638.846
1663928,638.578
1663928,638.311
1663928,638.044
1663928,637.778
1663928,637.511
1663928,637.245
1663928,636.978
1663928,636.712
1663928,636.447
1663928,636.181
1663928,635.915
1663928,635.65
1663928,635.385
1663928,635.119
1663928,634.855
1663928,634.59
1663928,634.325
1663928,634.061
1663928,633.797
1663928,633.532
1663928,633.269
1663928,633.005
1663928,632.741
1663928,632.478
1663928,632.214
1663928,631.951
1663928,631.688
1663928,631.426
1663928,631.163
1663928,630.901
1663928,630.638
1663928,630.376
1663928,630.114
1663928,629.852
1663928,629.591
1663928,629.329
1663928,629.068
1663928,628.807
1663928,628.546
1663928,628.285
1663928,628.024
1663928,627.764
1663928,627.503
1663928,627.243
1663928,626.983
1663928,626.723
1663928,626.464
1663928,626.204
1663928,625.945
1663928,625.686
1663928,625.426
1663928,625.168
1663928,624.909
1663928,624.65
1663928,624.392
1663928,624.134
1663928,623.875
1663928,623.618
1663928,623.36
1663928,623.102
1663928,622.845
1663928,622.587
1663928,622.33
1663928,622.073
1663928,621.816
1663928,621.56
1663928,621.303
1663928,621.047
1663928,620.791
1663928,620.535
1663928,620.279
1663928,620.023
1663928,619.767
1663928,619.512
1663928,619.257
1663928,619.002
1663928,618.747
1663928,618.492
1663928,618.237
1663928,617.983
1663928,617.729
1663928,617.474
1663928,617.22
1663928,616.967
1663928,616.713
1663928,616.459
1663928,616.206
1663928,615.953
1663928,615.7
1663928,615.447
1663928,615.194
1663928,614.941
1663928,614.689
1663928,614.437
1663928,614.185
1663928,613.933
1663928,613.681
1663928,613.429
1663928,613.178
1663928,612.926
1663928,612.675
1663928,612.424
1663928,612.173
1663928,611.922
1663928,611.672
1663928,611.421
1663928,611.171
1663928,610.921
1663928,610.671
1663928,610.421
1663928,610.171
1663928,609.922
1663928,609.672
1663928,609.423
1663928,609.174
1663928,608.925
1663928,608.676
1663928,608.428
1663928,608.179
1663928,607.931
1663928,607.683
1663928,607.435
1663928,607.187
1663928,606.939
1663928,606.692
1663928,606.444
1663928,606.197
1663928,605.95
1663928,605.703
1663928,605.456
1663928,605.21
1663928,604.963
1663928,604.717
1663928,604.471
1663928,604.225
1701649,603.979
1707598,603.733
1707598,603.487
1707598,603.242
1707598,602.996
1707598,602.751
1707598,602.506
1707598,602.261
1707598,602.017
1707598,601.772
1707598,601.528
1707598,601.284
1707598,601.039
1707598,600.795
1707598,600.552
1707598,600.308
1707598,600.064
1707598,599.821
1707598,599.578
1707598,599.335
1707598,599.092
1707598,598.849
1707598,598.606
1707598,598.364
1707598,598.121
1707598,597.879
1707598,597.637
1707598,597.395
1707598,597.154
1707598,596.912
1707598,596.67
1707598,596.429
1707598,596.188
1707598,595.947
1707598,595.706
1707598,595.465
1707598,595.225
1707598,594.984
1707598,594.744
1707598,594.504
1707598,594.264
1707598,594.024
1707598,593.784
1707598,593.545
1707598,593.305
1707598,593.066
1707598,592.827
1707598,592.588
1707598,592.349
1707598,592.11
1707598,591.872
1707598,591.633
1707598,591.395
1707598,591.157
1707598,590.919
1707598,590.681
1707598,590.443
1707598,590.206
1707598,589.968
1707598,589.731
1707598,589.494
1707598,589.257
1707598,589.02
1707598,588.783
1707598,588.546
1707598,588.31
1707598,588.074
1707598,587.838
1707598,587.602
1707598,587.366
1707598,587.13
1707598,586.894
1707598,586.659
1707598,586.424
1707598,586.189
1707598,585.953
1707598,585.719
1707598,585.484
1707598,585.249
1707598,585.015
1707598,584.781
1707598,584.546
1707598,584.312
1707598,584.078
1707598,583.845
1707598,583.611
1707598,583.378
1707598,583.144
1707598,582.911
1707598,582.678
1707598,582.445
1707598,582.212
1707598,581.98
1707598,581.747
1707598,581.515
1707598,581.282
1707598,581.05
1707598,580.818
1707598,580.587
1707598,580.355
1707598,580.123
1707598,579.892
1707598,579.661
1707598,579.43
1707598,579.199
1715703,578.968
1715703,578.737
1715703,578.507
1715703,578.276
1715703,578.046
1715703,577.816
1715703,577.586
1715703,577.356
1715703,577.126
1715703,576.896
1715703,576.667
1715703,576.438
1715703,576.208
1715703,575.979
1715703,575.75
1715703,575.522
1715703,575.293
1715703,575.064
1715703,574.836
1715703,574.608
1715703,574.38
1715703,574.152
1715703,573.924
1715703,573.696
1715703,573.468
1715703,573.241
1715703,573.014
1715703,572.787
1715703,572.559
1715703,572.333
1715703,572.106
1715703,571.879
1715703,571.653
1715703,571.426
1715703,571.2
1715703,570.974
1715703,570.748
1715703,570.522
1715703,570.296
1715703,570.071
1715703,569.845
1715703,569.62
1715703,569.395
